CUENTA;DEP‡SITO;SEMANA
8-107-82012-8;789;1
4-107-12080-3;1253;1
9-105-75927-5;540;1
8-101-76395-2;781;1
9-107-54072-8;207;1
9-109-40013-3;421;1
2-105-69785-5;973;1
3-109-93959-9;675;1
3-104-48132-4;1332;1
5-103-55486-9;599;1
6-102-37701-4;525;1
6-106-18742-1;479;1
8-106-23981-4;346;1
3-102-27804-4;714;1
4-105-44447-8;51;1
6-106-71706-1;1398;1
8-108-44221-3;590;1
6-103-49642-6;1261;1
8-102-89904-8;1;1
8-108-13137-7;58;1
7-107-69245-7;701;1
6-105-78280-3;1453;1
7-101-69434-5;413;1
8-104-48913-2;1473;1
8-107-70358-2;1181;1
7-106-37046-3;193;1
5-107-52521-8;753;1
3-104-13577-9;512;1
7-109-77387-7;77;1
7-101-35294-3;334;1
7-103-97408-1;85;1
4-104-32701-6;1028;1
5-108-96823-9;553;1
1-109-36850-6;1119;1
8-102-89678-8;768;1
5-105-39217-1;925;1
5-107-80715-3;118;1
9-109-77771-1;370;1
6-101-41740-3;1256;1
7-105-80523-5;739;1
7-102-50859-8;279;1
9-107-17568-3;700;1
7-106-37046-3;473;1
8-109-42887-7;931;1
7-102-40624-4;511;1
5-109-67021-9;496;1
6-102-84514-1;249;1
8-108-77359-9;376;1
7-102-21532-8;121;1
4-104-20247-8;168;1
3-104-50059-8;465;1
4-104-83692-1;327;1
2-105-78996-1;1414;1
1-109-51922-4;513;1
7-109-26095-6;1391;1
1-102-45685-3;553;1
7-105-23972-3;293;1
8-102-40647-8;121;1
9-108-88150-2;814;1
6-107-90994-4;292;1
8-102-38518-4;1195;1
4-106-45900-2;689;1
2-109-68979-6;145;1
7-109-70825-9;426;1
6-106-20062-5;1288;1
3-104-50228-2;515;1
8-109-86471-7;1117;1
8-109-29865-5;1404;1
8-109-72793-6;880;1
3-109-70793-7;407;1
5-108-12526-2;410;1
5-108-36821-4;511;1
9-106-36097-6;1443;1
8-107-17974-4;230;1
1-106-32913-1;133;1
3-103-38910-1;552;1
3-109-28183-6;638;1
5-101-17558-5;135;1
5-103-76959-1;308;1
7-104-83861-9;494;1
1-104-69220-5;743;1
4-106-87678-7;850;1
7-107-35546-5;892;1
4-109-92043-9;1044;1
4-107-12841-6;431;1
1-105-91149-3;379;1
7-102-21532-8;497;1
3-104-19210-8;309;1
3-103-84191-5;1005;1
3-104-77451-3;405;1
9-107-75506-2;584;1
1-105-20069-4;195;1
1-107-19463-5;506;1
4-101-45178-2;222;1
4-101-51631-7;209;1
6-109-92236-9;624;1
7-106-22840-7;154;1
7-109-77387-7;68;2
4-106-21446-6;1203;2
9-108-67779-1;1267;2
3-104-57631-6;1187;2
2-103-63889-8;158;2
5-105-90277-7;587;2
2-106-40751-7;733;2
5-107-20167-7;1391;2
5-107-52521-8;714;2
6-106-38983-5;1364;2
3-108-94057-5;327;2
1-103-94168-5;1199;2
2-108-46218-2;1355;2
6-102-55802-4;687;2
5-109-54250-1;836;2
1-104-86823-1;530;2
1-105-46518-4;387;2
3-103-14383-9;1249;2
3-105-83520-1;116;2
6-103-88083-1;254;2
8-108-35076-7;869;2
6-106-37704-7;730;2
2-104-30806-3;0;2
8-108-44221-3;545;2
2-109-51721-2;929;2
3-101-69701-2;769;2
5-109-42970-9;549;2
6-101-78059-6;1174;2
6-105-52440-1;1061;2
1-108-58389-5;1018;2
4-103-69189-7;1448;2
8-107-81278-8;919;2
8-103-88962-7;702;2
2-104-92357-6;1253;2
7-107-43328-2;721;2
9-104-20455-6;224;2
3-109-70102-6;86;2
8-104-45938-4;488;2
9-102-50514-9;39;2
6-102-36879-4;457;2
9-107-12460-3;643;2
1-102-47588-7;688;2
6-104-29580-4;332;2
4-106-85580-8;926;2
2-108-46218-2;1427;2
2-102-20305-2;14;2
4-105-16480-8;163;2
8-101-28258-9;286;2
3-107-75532-5;308;2
3-102-66904-8;978;2
7-101-19400-2;1326;2
4-108-15651-5;149;2
7-101-15958-7;275;2
1-108-83878-8;198;2
2-102-12573-6;7;2
5-109-92627-4;748;2
2-105-10407-4;1428;2
7-106-52817-2;529;2
1-107-74274-7;695;2
7-105-83738-1;191;2
3-107-75532-5;494;2
9-105-31261-2;387;2
4-103-41796-1;967;3
1-102-88721-8;179;3
5-107-79714-4;148;3
4-103-64023-9;1245;3
6-104-99193-8;814;3
6-106-37409-4;1268;3
7-108-19817-5;837;3
1-105-53772-3;1471;3
5-108-41495-4;1443;3
5-107-91526-7;1302;3
2-104-72264-4;110;3
2-107-53175-9;299;3
5-108-30055-9;995;3
7-106-70565-4;1051;3
7-109-26095-6;363;3
7-102-48020-9;374;3
4-107-19074-3;425;3
4-104-41260-9;522;3
3-104-57631-6;416;3
4-101-43910-4;5;3
4-101-64579-3;627;3
6-106-15202-9;541;3
7-106-26852-3;607;3
9-103-70580-2;591;3
1-109-92456-7;170;3
6-106-18742-1;758;3
7-102-54850-2;1129;3
5-101-17558-5;1025;3
2-105-20549-7;435;3
7-104-86194-7;363;3
8-104-68902-4;183;3
9-105-75243-5;184;3
3-107-51797-2;1219;3
8-102-28846-1;1126;3
7-107-14800-3;1497;3
5-103-28471-3;832;3
4-103-24679-3;1142;3
6-107-80790-9;98;3
9-109-57073-5;390;3
9-101-20811-6;1049;3
7-105-23681-1;171;3
5-107-80715-3;1061;3
3-105-39169-6;864;3
8-107-15419-6;524;3
8-101-19831-8;484;3
2-108-60312-2;1221;3
1-105-20978-1;438;3
3-104-19210-8;1109;3
2-101-26007-9;624;3
3-102-67311-2;149;3
4-107-16778-7;168;3
9-106-36097-6;136;3
1-106-60030-4;1286;3
5-108-65621-3;956;3
1-104-45777-7;668;3
7-101-30288-4;55;3
5-104-93915-1;739;3
3-109-70102-6;339;3
4-105-13027-9;142;3
4-106-20202-7;383;3
8-109-17830-7;374;3
9-106-80438-8;312;3
1-108-58389-5;871;3
4-106-45900-2;535;3
7-106-18158-4;1385;3
3-106-93800-3;914;3
6-104-78391-1;309;3
3-105-62347-3;1460;3
6-106-18742-1;736;3
3-107-33689-2;718;3
4-101-64579-3;275;3
5-105-62179-1;486;3
8-106-53656-9;78;3
4-107-95641-6;930;4
7-101-15958-7;1038;4
4-109-48767-2;870;4
4-105-16746-6;1155;4
7-106-70565-4;101;4
2-109-98725-2;143;4
5-107-53559-6;583;4
9-108-67151-1;921;4
9-105-54756-5;913;4
2-109-31959-5;900;4
3-105-28377-1;957;4
4-107-13176-5;1089;4
1-107-12694-8;885;4
8-104-70329-9;833;4
9-106-86307-7;1261;4
8-106-25677-7;109;4
2-106-22162-4;745;4
4-108-85031-9;122;4
6-102-44811-4;329;4
7-108-18506-3;576;4
4-103-78629-2;914;4
9-105-68207-3;192;4
8-102-65265-3;1393;4
8-107-15419-6;1459;4
2-109-31959-5;1030;4
8-109-14084-1;225;4
3-106-18685-8;663;4
4-101-45178-2;1453;4
8-106-29885-1;1128;4
2-109-40916-8;348;4
8-104-61106-7;271;4
6-103-26588-1;1273;4
9-107-12460-3;1453;4
4-103-41796-1;401;4
7-103-52370-2;1166;4
5-108-12836-3;630;4
9-106-79108-7;429;4
8-109-27522-8;1262;4
8-109-86471-7;1143;4
1-108-12684-1;353;4
1-108-47786-9;3;4
2-101-80212-6;450;4
3-106-95794-3;28;4
9-109-77852-4;422;4
1-106-32913-1;259;4
4-104-39274-3;1433;4
7-102-54850-2;1053;4
5-104-85606-6;1258;4
5-107-27584-7;485;4
3-109-13975-8;831;4
4-104-72440-1;433;4
4-104-16739-2;278;4
8-103-91540-5;434;4
9-108-34020-8;625;4
8-105-66133-1;547;4
7-109-30722-8;844;4
2-107-53175-9;580;4
2-107-34858-3;1385;4
6-105-67516-4;447;4
1-105-20069-4;714;4
9-101-35398-9;1440;4
3-102-93920-3;197;4
2-103-26138-8;526;4
4-104-19872-6;244;4
2-109-70803-4;937;4
1-107-57471-9;574;4
2-109-41712-7;674;4
9-108-64989-9;510;4
2-107-57254-5;898;4
9-108-67779-1;308;4
1-102-88721-8;277;4
1-109-92456-7;537;4
1-109-94430-1;548;4
5-108-91695-5;107;4
9-107-24515-9;1487;5
3-105-22665-1;1244;5
8-102-38362-9;1412;5
9-106-70204-4;606;5
6-109-11650-1;59;5
6-106-60672-7;375;5
7-104-37207-9;447;5
7-106-12899-9;355;5
7-106-25202-3;249;5
5-107-82808-5;975;5
3-101-71627-6;246;5
4-106-87678-7;1201;5
6-107-65205-2;332;5
7-105-80523-5;227;5
4-107-26481-4;944;5
1-108-72157-7;314;5
2-102-94214-8;393;5
2-109-65207-5;248;5
4-104-75639-8;30;5
9-101-20811-6;559;5
8-108-77359-9;556;5
3-109-13975-8;1192;5
5-107-99828-1;944;5
9-106-45707-8;374;5
7-103-63784-4;928;5
5-103-76959-1;155;5
9-104-14129-9;815;5
1-108-16129-7;1161;5
1-109-98799-4;871;5
4-102-81838-2;320;5
9-109-57847-8;558;5
1-108-95694-2;1140;5
2-101-46868-8;643;5
9-105-75243-5;1046;5
1-109-14656-3;798;5
9-104-53720-9;66;5
3-105-26335-1;341;5
4-104-89904-7;1360;5
4-106-86899-6;107;5
5-109-42970-9;280;5
6-101-26508-2;150;5
8-103-30682-7;281;5
8-106-53656-9;1173;5
2-107-57254-5;957;5
5-102-43502-7;1080;5
8-103-88717-8;278;5
1-109-92456-7;347;5
2-109-40459-9;523;5
3-101-71627-6;1379;5
7-103-97408-1;459;5
1-105-77211-6;439;5
4-104-72440-1;402;5
7-102-50859-8;602;5
8-106-92908-2;207;5
8-101-53834-6;203;5
2-104-94628-1;240;5
9-104-27967-4;1365;5
2-103-63889-8;1247;5
5-104-90843-8;1497;5
2-103-65730-9;967;5
2-103-19610-9;1315;5
7-107-48861-3;553;5
8-101-65746-2;951;5
7-101-55737-7;1479;5
9-107-17568-3;1153;5
3-102-70609-5;1058;5
4-105-71817-3;1098;5
7-107-48861-3;332;5
1-109-58896-4;629;5
9-108-67151-1;904;5
9-106-18344-9;704;5
7-102-78352-3;647;5
9-109-90696-1;796;5
7-101-85792-7;1444;5
5-103-68312-8;980;5
3-103-21514-8;1248;5
8-108-10321-6;998;5
8-107-34817-5;667;5
4-106-26207-1;1085;5
8-108-35076-7;749;5
2-104-87309-5;1163;5
5-104-41294-6;36;5
7-101-41590-3;145;5
9-103-97363-1;340;6
7-105-91894-3;1157;6
4-103-55617-1;1477;6
3-105-62347-3;362;6
7-106-37046-3;578;6
2-106-91728-8;1235;6
1-106-89290-9;776;6
8-108-13137-7;119;6
9-107-75506-2;423;6
1-102-45685-3;113;6
2-105-76980-3;180;6
6-107-80790-9;897;6
7-101-13884-7;1307;6
5-103-78432-4;249;6
1-101-96020-1;553;6
1-105-39382-3;98;6
2-101-61450-1;567;6
5-108-39178-4;253;6
9-109-42617-9;543;6
7-101-67704-1;1046;6
3-101-44552-3;641;6
1-108-47786-9;1303;6
2-103-35724-9;1456;6
6-101-31184-7;1047;6
2-104-82261-8;96;6
3-102-57784-9;1168;6
9-108-35993-2;133;6
7-106-52817-2;656;6
3-102-67311-2;169;6
7-106-26852-3;1371;6
9-105-75927-5;1199;6
9-101-88144-7;472;6
4-107-88358-3;150;6
2-103-68873-6;448;6
2-105-23690-7;495;6
3-104-19210-8;647;6
5-106-24750-6;463;6
7-103-55286-9;365;6
7-106-50294-5;582;6
7-106-55640-5;180;6
5-108-30055-9;685;6
3-102-50484-8;999;6
9-103-64248-8;281;6
9-109-40013-3;858;6
3-108-36721-2;985;6
1-103-73627-4;273;6
2-104-87309-5;453;6
4-103-78477-6;87;6
1-105-72502-4;546;6
3-104-48132-4;1085;6
3-101-95653-7;394;6
7-107-14800-3;671;6
3-103-63622-5;1404;6
9-107-91749-3;511;6
1-103-13825-7;126;6
1-107-64527-3;1022;6
9-102-91594-7;488;6
2-109-31959-5;644;6
7-106-37046-3;1064;6
8-107-69004-3;182;6
1-108-30750-3;425;6
3-109-13975-8;253;6
6-108-96734-6;607;6
9-107-30406-9;455;6
5-103-10602-6;1332;6
4-102-50174-2;1152;6
9-108-64989-9;1016;6
4-101-93624-6;890;6
5-101-22574-3;274;6
5-102-69056-7;818;6
3-105-96067-4;572;6
7-104-91913-7;569;6
8-101-65746-2;638;6
8-105-18011-3;854;6
5-109-82719-7;697;6
7-109-65024-7;637;6
4-108-56835-1;360;6
8-106-29885-1;760;6
5-105-21118-4;880;6
1-108-83878-8;136;6
5-101-22574-3;1421;6
5-104-31998-2;677;6
5-103-18732-9;1274;6
9-101-79582-1;322;6
9-107-76748-9;521;6
3-103-72792-3;1298;7
6-102-36879-4;1336;7
7-102-54850-2;1020;7
4-104-72440-1;541;7
1-109-28859-8;568;7
4-106-27334-7;591;7
7-108-60979-2;1476;7
2-104-92558-8;568;7
8-101-85142-4;438;7
9-109-11124-9;946;7
3-106-72390-4;1278;7
4-103-69189-7;1497;7
4-108-10885-5;1336;7
1-109-58896-4;799;7
3-102-66904-8;1084;7
1-105-20978-1;496;7
3-105-62347-3;587;7
8-107-34817-5;248;7
6-103-49642-6;80;7
8-107-83912-4;374;7
5-109-67021-9;583;7
9-101-28187-8;951;7
7-102-77508-2;225;7
2-109-31959-5;123;7
7-106-31543-3;455;7
6-103-84101-2;774;7
7-107-45090-6;1346;7
1-106-60030-4;401;7
6-106-88941-9;1374;7
4-103-55617-1;460;7
5-106-17738-6;1417;7
5-109-40563-1;276;7
4-107-26481-4;971;7
9-106-75560-9;362;7
1-104-67809-4;76;7
3-105-69611-6;470;7
8-106-75394-3;518;7
8-104-23179-5;136;7
1-106-41616-4;254;7
2-108-19101-1;1249;7
1-106-55045-4;1193;7
5-106-57298-9;1455;7
5-104-30004-9;279;7
1-105-80054-7;1393;7
6-101-41740-3;845;7
5-109-40563-1;1391;7
8-106-92908-2;996;7
8-105-86834-1;1211;7
8-101-19831-8;332;7
5-104-31998-2;1265;7
1-106-41616-4;393;7
8-104-23179-5;1127;7
4-109-27267-3;1402;7
1-101-97447-1;468;7
1-105-91149-3;543;7
3-104-60139-7;162;7
5-104-89383-2;194;7
8-108-35076-7;630;7
9-105-48547-5;153;7
9-109-53558-8;100;7
3-103-54636-2;877;7
2-108-60312-2;653;7
4-106-20202-7;1453;7
1-109-92456-7;693;7
5-104-41294-6;171;7
9-101-25222-3;923;7
6-107-80790-9;131;7
8-107-89065-5;950;7
8-101-85142-4;1369;7
7-108-65733-7;409;7
8-105-46596-7;446;7
7-102-48020-9;723;7
9-101-20811-6;1187;7
7-106-55640-5;533;7
4-108-85031-9;928;7
4-106-12178-9;959;7
8-109-17830-7;1500;7
1-108-12684-1;86;7
6-103-47484-2;250;7
8-105-41595-4;863;7
2-104-92357-6;25;7
3-102-93920-3;350;7
3-103-35930-8;1051;8
2-104-21416-6;610;8
9-106-39368-7;292;8
1-106-95668-1;736;8
3-102-70609-5;250;8
5-101-87086-8;982;8
7-101-37772-1;146;8
5-101-53704-5;887;8
3-101-71627-6;1112;8
6-106-78920-7;491;8
7-109-84453-9;638;8
7-101-33259-8;533;8
2-103-43997-9;372;8
5-102-51144-3;1497;8
2-101-61230-4;1221;8
7-105-28853-9;1104;8
6-107-65205-2;434;8
5-108-55445-8;993;8
4-106-81448-8;1040;8
7-101-33259-8;796;8
6-107-21043-2;318;8
6-109-55849-7;1033;8
3-101-96673-5;145;8
6-103-43112-9;377;8
2-104-22749-7;1487;8
2-109-51721-2;90;8
5-107-79714-4;390;8
6-106-88941-9;394;8
1-101-87198-2;902;8
4-106-24200-5;883;8
8-103-91823-4;133;8
2-105-78996-1;464;8
6-102-40972-6;1097;8
3-107-21422-4;465;8
7-102-37541-1;66;8
3-103-63622-5;586;8
8-105-63917-1;291;8
4-103-33231-6;626;8
8-107-31676-7;1109;8
6-101-31184-7;1311;8
5-101-17697-8;798;8
9-106-58690-4;108;8
2-109-68979-6;122;8
1-108-76451-6;885;8
3-107-92425-2;586;8
6-105-27962-4;686;8
1-104-28435-1;597;8
1-104-59231-8;59;8
4-102-83344-8;606;8
9-103-64248-8;1307;8
9-108-94655-7;1348;8
2-103-43997-9;110;8
5-108-96823-9;1147;8
9-105-35812-3;285;8
3-105-22665-1;528;8
1-108-25504-5;161;8
3-103-38910-1;1206;8
6-102-93158-2;959;8
2-109-27501-5;652;8
5-101-94589-4;488;8
5-106-75650-7;122;8
3-102-37074-2;1073;8
4-105-16480-8;1423;8
4-107-88185-1;184;8
6-102-93158-2;463;8
7-101-69434-5;1103;8
9-107-12460-3;1160;8
3-102-27804-4;516;8
3-105-83520-1;646;8
7-101-69434-5;172;8
9-101-74374-5;187;8
7-106-70565-4;350;9
1-102-25400-2;1193;9
1-108-58389-5;782;9
4-104-72440-1;659;9
2-103-26843-9;842;9
5-109-67021-9;828;9
9-109-16820-8;821;9
1-106-60030-4;416;9
5-106-53967-9;148;9
8-102-38518-4;281;9
8-109-97011-5;169;9
8-109-27522-8;1203;9
5-105-62026-2;1268;9
2-109-70803-4;1226;9
6-109-39092-6;1133;9
6-106-67685-4;66;9
3-102-37303-1;1188;9
8-104-70329-9;1263;9
8-106-65723-1;794;9
1-102-57479-4;558;9
3-109-92613-5;602;9
5-105-98018-3;493;9
9-104-59162-4;527;9
4-103-55617-1;151;9
3-105-22737-7;890;9
1-103-57205-7;497;9
3-105-22665-1;521;9
5-108-22793-6;631;9
3-109-71814-3;928;9
2-106-23456-1;1208;9
2-108-35383-4;346;9
2-101-19437-3;982;9
4-108-50602-5;522;9
9-109-46053-9;1354;9
2-103-63889-8;1135;9
7-102-48020-9;1082;9
6-105-14472-2;132;9
9-109-40013-3;1419;9
2-105-95430-8;293;9
5-101-53704-5;725;9
4-104-19872-6;1121;9
2-101-61230-4;1341;9
1-101-21544-1;79;9
8-101-12726-2;964;9
4-106-12178-9;195;9
6-109-24169-9;615;9
5-107-80715-3;280;9
6-108-82500-6;106;9
6-105-85838-2;299;9
7-108-60979-2;131;9
9-105-40619-1;849;9
5-109-39502-5;415;9
3-102-57784-9;1221;9
3-101-86272-9;366;9
2-105-78996-1;260;9
4-104-27664-2;424;9
5-105-36753-7;33;9
8-108-25413-1;866;9
3-105-26335-1;1349;9
5-107-67630-7;1234;9
1-107-64527-3;568;9
2-109-31959-5;27;9
1-106-68778-6;225;9
3-105-62347-3;191;9
2-103-53205-6;626;9
7-102-37541-1;1400;9
2-109-83553-2;274;9
3-102-94359-2;524;9
3-103-14383-9;181;9
5-108-65370-6;20;9
6-102-75330-4;345;9
6-105-99860-5;419;9
5-109-76922-2;1253;10
5-108-19217-9;782;10
1-102-25400-2;426;10
9-101-88144-7;737;10
5-109-40563-1;1331;10
1-105-91149-3;175;10
1-109-51922-4;1128;10
8-108-77359-9;87;10
8-106-92908-2;89;10
1-109-77140-2;1477;10
6-103-43112-9;173;10
8-102-57198-6;218;10
7-101-85792-7;1445;10
1-104-64922-9;1357;10
4-103-30105-4;377;10
6-103-26588-1;39;10
7-107-14800-3;77;10
3-103-19613-5;632;10
2-108-49727-9;145;10
3-102-17476-3;217;10
2-104-94628-1;1443;10
1-103-96182-5;271;10
9-106-86307-7;450;10
1-106-11022-8;52;10
4-108-96229-2;726;10
3-101-44552-3;443;10
2-101-18229-2;1028;10
6-106-72516-5;11;10
7-106-18158-4;305;10
7-107-90464-2;201;10
7-106-12127-9;114;10
3-106-72390-4;388;10
6-102-36879-4;1278;10
6-106-38983-5;230;10
6-104-96201-6;653;10
8-109-68261-1;166;10
8-109-32361-6;1174;10
9-106-39713-7;339;10
3-104-50228-2;350;10
5-107-91526-7;205;10
8-102-61761-6;289;10
8-108-10321-6;1030;10
6-108-92446-6;112;10
4-102-54827-8;992;10
1-109-94430-1;773;10
9-108-64989-9;1424;10
3-105-22737-7;114;10
8-108-49842-1;496;10
5-103-55170-5;160;10
7-105-80523-5;1456;10
6-107-85091-5;621;10
6-101-90526-1;701;10
6-105-97923-1;393;10
9-103-66739-5;625;10
9-108-88150-2;947;11
6-102-71130-2;53;11
7-106-50294-5;872;11
3-104-50228-2;1322;11
3-102-17713-1;533;11
7-101-19400-2;1344;11
9-106-64286-8;924;11
4-102-44477-1;1391;11
9-103-64248-8;1209;11
6-109-58280-4;817;11
1-102-47588-7;860;11
3-104-19210-8;1226;11
5-105-74895-7;1223;11
1-109-77140-2;1267;11
4-103-64023-9;4;11
4-106-21446-6;490;11
6-106-70279-1;79;11
8-108-87189-1;47;11
9-102-14309-9;384;11
9-105-35812-3;488;11
8-109-29865-5;1173;11
7-101-85792-7;1361;11
2-103-91116-2;784;11
7-108-60979-2;577;11
4-104-63189-4;1284;11
1-104-45777-7;307;11
2-109-63781-8;537;11
4-106-44211-1;68;11
9-109-65664-3;255;11
6-103-26588-1;745;11
5-106-27055-2;440;11
2-105-96478-5;1326;11
9-107-54072-8;560;11
5-108-66409-3;916;11
9-104-33792-7;1458;11
5-107-42709-2;1297;11
1-109-28859-8;239;11
2-104-15346-7;630;11
8-108-59566-8;515;11
9-101-41505-9;58;11
9-104-66518-9;559;11
5-103-18732-9;1079;11
2-109-72794-9;217;11
7-103-58422-2;1387;11
3-103-84191-5;406;11
2-105-49642-9;724;11
7-105-28853-9;47;11
2-109-41712-7;394;11
8-106-92908-2;180;11
5-108-96823-9;497;11
1-106-16202-5;1056;11
1-106-19577-6;408;11
5-109-82719-7;395;11
9-109-40013-3;832;11
4-103-33231-6;764;11
6-104-99193-8;881;11
2-109-40459-9;230;11
2-109-72794-9;578;11
6-102-29432-9;215;11
7-101-67704-1;109;11
8-105-63917-1;559;11
3-102-37303-1;1030;11
2-105-64218-8;300;11
1-104-22514-9;277;11
2-105-69785-5;434;11
2-108-23688-8;199;11
8-107-83912-4;1121;11
1-108-39276-7;675;11
1-101-23777-7;105;11
3-103-21514-8;283;11
6-104-33752-4;323;11
6-109-66294-4;17;11
8-104-99423-1;201;11
4-109-18517-4;1364;11
5-106-60134-6;1450;11
1-109-58896-4;627;11
5-103-44815-3;1073;11
3-104-20650-1;414;11
5-104-93915-1;644;11
6-101-31184-7;261;11
9-107-17568-3;43;11
1-106-55045-4;288;12
5-108-91695-5;361;12
6-106-46637-6;299;12
2-103-63889-8;785;12
6-103-55890-1;921;12
5-108-89999-6;94;12
3-102-17713-1;759;12
8-108-44221-3;343;12
9-106-39368-7;1248;12
1-108-41500-7;891;12
7-103-14537-7;762;12
8-108-77359-9;1279;12
1-107-54218-8;1141;12
2-107-86096-2;182;12
4-107-12841-6;358;12
8-104-70329-9;140;12
1-106-40823-7;692;12
3-104-57631-6;1317;12
5-104-46371-3;1206;12
8-103-54936-4;441;12
9-101-25222-3;890;12
3-104-19210-8;760;12
9-106-79108-7;1456;12
7-102-54850-2;301;12
8-107-81278-8;565;12
3-105-22737-7;124;12
3-104-60139-7;713;12
6-102-55802-4;317;12
1-105-53772-3;688;12
9-101-74374-5;861;12
6-109-24169-9;465;12
2-107-53175-9;674;12
3-105-22665-1;531;12
3-105-69611-6;1121;12
9-103-64248-8;791;12
1-108-34896-5;254;12
7-104-14937-1;276;12
7-104-90047-4;67;12
2-105-64218-8;1019;12
2-106-40073-2;711;12
9-106-79108-7;1057;12
2-101-46868-8;1430;12
7-102-50859-8;65;12
6-105-83373-1;1080;12
7-102-77508-2;998;12
4-107-95641-6;583;12
5-103-54598-5;61;12
5-107-67597-7;459;12
6-101-90526-1;232;12
6-102-62939-2;585;12
6-107-85091-5;397;12
7-108-28950-8;590;12
9-109-10795-3;471;12
1-104-28435-1;959;12
8-105-19674-8;929;12
3-103-19367-6;647;12
5-101-94589-4;669;12
6-102-75330-4;1208;12
5-105-40187-9;1004;12
7-106-64006-5;783;12
5-107-27584-7;545;12
2-104-94547-4;184;12
3-102-31761-2;198;12
8-106-29885-1;49;12
8-108-53841-2;216;12
9-107-54072-8;1068;12
5-104-41294-6;463;12
4-109-18517-4;1115;12
2-104-92210-9;144;12
2-107-86096-2;1484;12
9-107-19875-6;793;12
4-106-44211-1;1166;12
1-104-61411-7;529;12
2-104-92210-9;368;12
3-109-71832-3;484;12
4-101-93624-6;341;12
5-101-22574-3;161;12
6-104-33752-4;1352;12
8-101-28866-9;984;12
9-102-86849-6;337;12
1-108-58389-5;175;12
9-101-25222-3;1394;12
1-106-95668-1;1158;12
1-108-25504-5;106;12
4-109-92043-9;497;12
5-102-54147-4;175;12
7-105-91894-3;529;12
7-103-97408-1;1448;13
8-109-81365-6;1289;13
2-108-60312-2;479;13
6-108-92446-6;1481;13
6-108-96734-6;505;13
2-103-26138-8;1126;13
1-102-19834-7;181;13
8-109-32361-6;1248;13
9-104-59162-4;176;13
8-101-12726-2;474;13
3-102-66904-8;1385;13
7-103-55286-9;307;13
4-104-19872-6;694;13
3-104-77451-3;128;13
2-103-68873-6;1489;13
1-103-96182-5;310;13
1-103-57205-7;455;13
5-104-30004-9;599;13
6-101-52048-3;629;13
6-103-48800-4;334;13
7-109-70825-9;198;13
9-102-91594-7;961;13
9-106-79108-7;94;13
1-105-94426-5;373;13
1-107-54218-8;427;13
2-101-13079-9;283;13
7-103-63784-4;114;13
2-104-72264-4;1332;13
6-105-14472-2;1481;13
8-109-79971-1;534;13
1-107-64527-3;1051;13
5-108-91695-5;822;13
6-101-52048-3;188;13
4-106-53499-4;741;13
6-107-11620-7;1182;13
4-109-53624-1;185;13
3-109-15790-3;756;13
4-109-18517-4;68;13
7-103-97264-3;1030;13
7-109-46363-5;672;13
6-102-75330-4;604;13
5-103-10602-6;578;13
5-108-96823-9;484;13
4-102-88620-9;213;13
4-108-15651-5;1422;13
6-103-75038-7;380;13
1-103-27217-3;1312;13
6-107-80790-9;53;13
7-106-52817-2;1072;13
2-105-47425-6;316;13
3-102-77464-7;423;13
3-103-51833-9;105;13
3-108-94057-5;184;13
4-108-56835-1;59;13
6-107-43258-6;265;13
7-106-25202-3;345;13
9-101-10345-1;256;13
9-102-91594-7;429;13
4-102-88620-9;1006;13
4-106-92912-8;784;13
4-109-48767-2;865;13
3-106-70167-7;799;13
3-109-70102-6;1403;13
9-103-29128-3;172;13
8-109-86471-7;832;13
7-102-48020-9;50;13
6-103-76317-4;998;13
1-102-57974-9;849;13
3-106-18685-8;887;13
1-103-94168-5;251;13
2-103-19610-9;379;13
4-106-56474-5;410;13
9-103-60658-2;757;14
5-107-45873-9;994;14
1-102-57479-4;1087;14
8-107-89065-5;1085;14
8-101-28258-9;590;14
2-109-31959-5;357;14
7-103-63784-4;692;14
4-109-60038-2;407;14
2-108-49727-9;961;14
3-107-75532-5;1051;14
3-108-24026-2;648;14
3-108-36721-2;401;14
3-109-15790-3;242;14
5-102-43502-7;142;14
5-109-32137-3;825;14
2-108-40031-3;917;14
1-109-77140-2;1404;14
3-104-50059-8;541;14
1-104-86823-1;102;14
2-105-52102-7;968;14
1-104-85490-8;1497;14
3-106-98588-9;1441;14
3-101-86272-9;147;14
8-102-17156-1;529;14
4-102-88620-9;400;14
4-106-86899-6;1209;14
6-102-29432-9;153;14
4-101-31285-1;1168;14
9-101-25222-3;830;14
8-108-68837-8;861;14
2-102-79589-9;344;14
5-106-60134-6;76;14
6-101-41740-3;617;14
7-108-17410-1;290;14
9-101-82731-2;1436;14
1-103-13825-7;1306;14
4-106-20202-7;448;14
6-103-43112-9;526;14
1-101-44560-3;105;14
1-106-59267-3;965;14
3-101-44552-3;1292;14
7-108-18506-3;722;14
8-107-82012-8;725;14
1-103-29987-5;218;14
1-108-57224-2;351;14
4-102-44477-1;603;14
6-104-32824-8;212;14
8-109-33167-9;414;14
5-101-82092-2;1369;14
9-107-91749-3;1212;14
8-106-29885-1;1288;14
3-104-48132-4;659;14
3-103-54636-2;1455;14
3-105-96067-4;722;14
5-104-85606-6;1158;14
1-109-14656-3;1495;14
1-103-68196-8;1093;14
4-102-54827-8;391;14
6-106-20511-3;1235;14
4-104-63189-4;279;14
5-105-25754-5;193;14
1-108-47786-9;1425;14
9-105-20288-6;1370;14
4-105-44804-7;286;14
5-105-59700-1;486;14
1-105-20069-4;549;14
2-105-20549-7;571;14
7-107-90464-2;1184;14
4-106-81448-8;806;14
8-102-17156-1;457;14
4-102-81838-2;1464;14
8-108-63411-6;1470;14
1-105-66867-2;13;14
4-104-23823-1;659;14
5-104-93915-1;1200;14
9-108-11301-9;1381;14
4-105-47691-1;588;14
5-107-52521-8;1457;14
2-107-57254-5;1039;14
9-105-32653-4;406;14
4-109-82666-1;89;14
6-108-92446-6;126;14
8-107-31676-7;558;14
6-103-46942-4;457;15
2-104-46936-5;1032;15
5-103-28471-3;926;15
6-101-31184-7;1426;15
2-106-48219-7;52;15
8-107-81278-8;1119;15
8-105-86834-1;1416;15
6-101-31184-7;1210;15
8-107-89065-5;493;15
2-104-92357-6;709;15
9-105-40619-1;1188;15
2-105-23690-7;1206;15
2-104-10423-2;469;15
4-104-89904-7;65;15
5-109-39502-5;556;15
8-103-54936-9;504;15
8-107-83912-4;411;15
9-105-32653-4;68;15
7-109-24859-2;754;15
3-103-14383-9;848;15
5-101-10486-4;1390;15
5-107-67597-7;1094;15
4-108-85031-9;1014;15
2-101-18229-2;695;15
3-107-18757-2;521;15
5-106-68217-4;273;15
6-105-67516-4;347;15
7-101-33259-8;203;15
4-106-45900-2;314;15
5-109-76922-2;1102;15
9-108-88150-2;1247;15
9-105-35812-3;1073;15
6-106-40938-5;1019;15
8-105-29962-6;840;15
2-101-61450-1;1076;15
3-102-77464-7;249;15
1-105-91149-3;842;15
4-104-20247-8;25;15
6-102-37701-4;421;15
1-108-30750-3;1462;15
5-105-35408-6;451;15
8-104-45938-4;1287;15
9-101-40956-7;661;15
1-104-51435-1;1289;15
2-105-64218-8;1126;15
2-104-92558-8;832;15
5-106-57237-3;360;15
8-107-64338-8;1341;15
1-109-65197-8;653;15
4-109-25193-6;324;15
5-105-35408-6;442;15
9-108-11301-9;1161;15
1-104-86823-1;70;15
4-103-64023-9;994;15
4-103-55617-1;1457;15
3-101-69701-2;741;15
8-107-69004-3;958;15
7-101-85792-7;1396;15
4-106-86899-6;884;15
8-107-81278-8;481;15
3-104-47911-6;42;15
7-104-43367-9;136;15
8-101-85142-4;400;15
3-103-35930-8;588;15
8-109-29865-5;1195;15
9-107-97476-9;1000;15
7-106-70565-4;556;15
5-102-26454-2;589;15
5-101-78199-6;700;15
6-106-15202-9;665;15
5-104-31998-2;150;15
3-104-50059-8;1491;15
4-106-87678-7;346;15
4-106-44211-1;344;15
4-105-56776-3;268;15
7-103-97264-3;199;15
9-105-20288-6;372;15
4-104-58049-3;1077;16
5-107-36926-4;1435;16
4-109-60038-2;1035;16
3-106-82670-9;200;16
5-101-44442-9;1365;16
6-108-32781-5;1370;16
8-104-99423-1;210;16
7-109-46363-5;526;16
9-102-81114-7;102;16
4-102-44477-1;261;16
9-106-80438-8;1112;16
2-106-91728-8;288;16
2-105-64218-8;282;16
7-104-37207-9;840;16
8-102-28846-1;1398;16
2-103-64375-2;366;16
3-104-14287-2;657;16
8-104-70716-1;1306;16
7-107-89304-4;926;16
2-107-16822-5;474;16
9-102-91594-7;226;16
2-105-34885-4;1232;16
1-107-50223-7;83;16
5-103-50388-2;222;16
1-102-57974-9;1396;16
6-102-72344-6;437;16
6-101-26508-2;121;16
1-109-65197-8;532;16
6-105-14472-2;409;16
6-104-39004-5;1236;16
2-104-92357-6;1288;16
3-105-83520-1;1291;16
4-108-96179-7;162;16
1-108-25504-5;1244;16
9-109-53558-8;865;16
9-102-50514-9;544;16
4-104-83692-1;405;16
4-106-53499-4;552;16
9-108-29931-4;662;16
2-109-31959-5;682;16
6-109-39092-6;1414;16
5-105-59643-2;1046;16
4-109-18517-4;556;16
9-106-58690-4;1326;16
8-102-40647-8;692;16
2-104-30806-3;60;16
1-109-77140-2;138;16
3-102-99397-2;588;16
3-109-70793-7;437;16
5-108-66409-3;466;16
6-109-55849-7;290;16
8-109-27283-8;600;16
9-102-10658-1;342;16
8-107-70358-2;1067;16
8-104-61106-7;271;16
1-104-23061-2;161;16
9-103-64248-8;729;16
4-101-11437-3;1385;16
6-106-67685-4;741;16
5-108-65621-3;442;16
9-107-24515-9;551;16
2-106-23456-1;851;17
2-103-77968-6;1160;17
1-107-18594-5;596;17
6-102-93158-2;409;17
3-106-95716-4;375;17
4-101-51631-7;997;17
3-106-95794-3;224;17
1-109-98799-4;270;17
4-109-15997-1;691;17
8-106-29885-1;1166;17
2-102-38483-3;210;17
2-103-65730-9;232;17
9-107-54072-8;577;17
5-101-17558-5;213;17
1-109-94430-1;740;17
9-106-36097-6;317;17
5-104-93915-1;1065;17
5-105-62179-1;1428;17
2-103-64375-2;1182;17
3-102-17713-1;585;17
8-109-79971-1;1102;17
1-104-22514-9;655;17
6-106-46637-6;1500;17
4-109-53624-1;983;17
2-106-22162-4;1414;17
6-105-14472-2;654;17
2-109-63781-8;913;17
7-102-94760-7;198;17
2-104-82261-8;130;17
2-109-70803-4;377;17
3-108-85056-2;222;17
4-103-78629-2;124;17
5-107-99828-1;191;17
3-107-75532-5;972;17
1-104-59231-8;1446;17
5-105-74895-7;551;17
4-105-71817-3;481;17
6-102-40972-6;834;17
7-109-65024-7;162;17
6-105-30043-2;654;17
3-108-94057-5;357;17
9-109-65664-3;1330;17
5-104-85847-4;542;17
5-106-17738-6;259;17
8-104-53325-2;328;17
9-104-27967-4;330;17
9-106-19703-3;1355;17
3-107-33689-2;288;17
4-107-19965-8;872;17
4-106-86899-6;427;17
4-109-53624-1;600;17
6-105-14472-2;576;17
8-105-29962-6;16;17
8-103-91540-5;506;17
5-106-57237-3;1360;17
2-101-80212-6;966;17
2-102-79589-9;737;17
3-103-84191-5;1391;17
8-108-92338-5;1000;17
4-102-25357-6;972;17
5-105-59700-1;239;17
4-108-15651-5;881;17
9-103-21576-5;511;17
8-103-54936-9;954;17
9-101-87528-5;1221;17
3-103-84191-5;101;17
6-102-44811-4;1117;18
8-106-92908-2;988;18
8-103-30682-7;1365;18
3-104-13577-9;357;18
4-107-16778-7;687;18
7-104-75766-3;421;18
8-106-75394-3;1001;18
5-106-75650-7;423;18
4-102-54827-8;659;18
9-109-40013-3;623;18
4-104-75639-8;1366;18
8-102-61761-6;125;18
9-103-54180-2;464;18
8-108-77787-8;900;18
1-101-68811-7;924;18
1-103-27217-3;245;18
4-107-19074-3;342;18
5-103-90549-5;238;18
8-109-14084-1;358;18
9-103-98501-9;502;18
8-104-68902-4;1050;18
3-102-70203-5;1338;18
8-103-54936-4;810;18
8-102-23132-1;712;18
6-101-38499-3;748;18
8-106-92908-2;99;18
3-109-71814-3;413;18
3-104-14287-2;509;18
6-103-46942-4;257;18
3-102-50484-8;1052;18
3-105-75359-9;1220;18
5-105-59700-1;1128;18
1-105-77211-6;1441;18
7-101-57489-9;1066;18
8-107-34817-5;167;18
7-107-45090-6;418;18
8-104-23179-5;356;18
9-101-25222-3;348;18
9-108-42001-5;439;18
8-108-49842-1;489;18
2-106-86527-4;848;18
8-102-94353-2;531;18
5-105-59700-1;611;18
6-102-93158-2;1136;18
2-106-48219-7;506;18
7-102-50859-8;1002;18
6-102-72344-6;1240;18
2-105-52102-7;300;18
4-107-42106-7;130;18
8-105-41595-4;51;18
8-106-65723-1;334;18
3-102-85109-4;1033;18
7-109-30722-8;1103;18
3-104-32695-6;446;18
3-101-72815-3;978;18
2-109-75377-6;852;18
9-104-27967-4;1320;18
2-104-21416-6;241;18
5-101-82092-2;173;18
7-104-75766-3;239;18
7-106-64006-5;239;18
9-109-53558-8;465;18
2-103-26843-9;1018;18
9-105-75243-5;827;18
1-108-34896-5;464;18
4-105-16746-6;481;18
6-103-43112-9;1172;18
7-103-55286-9;1049;18
4-106-56474-5;179;18
8-109-14084-1;1327;19
3-104-50228-2;194;19
7-101-57489-9;638;19
4-102-83344-8;580;19
4-102-31144-3;1205;19
7-104-91913-7;682;19
4-108-96229-2;118;19
8-102-38518-4;78;19
2-104-95071-1;887;19
9-107-30406-9;130;19
7-109-84453-9;1133;19
1-105-72502-4;349;19
9-106-40357-3;375;19
7-109-57854-2;257;19
8-108-53841-2;1488;19
2-104-10423-2;1178;19
9-106-64286-8;1016;19
2-107-53175-9;52;19
9-109-40013-3;497;19
8-105-29962-6;649;19
1-101-87198-2;242;19
5-108-41495-4;250;19
7-105-83738-1;554;19
9-103-29128-3;55;19
9-106-18344-9;561;19
9-109-90696-1;360;19
9-106-58690-4;1350;19
5-101-34165-8;404;19
7-106-64006-5;818;19
1-106-23489-6;612;19
2-101-61230-4;982;19
2-103-91116-2;450;19
1-107-18594-5;1094;19
4-105-16480-8;1340;19
6-102-72344-6;1196;19
2-107-52994-4;709;19
3-101-72815-3;176;19
6-107-80790-9;407;19
9-109-90696-1;350;19
8-108-35076-7;370;19
6-105-14472-2;1302;19
4-108-10885-5;818;19
4-101-39236-8;536;19
7-103-95909-2;132;19
4-102-36166-6;1047;19
4-104-89904-7;1220;19
5-108-91695-5;542;19
9-101-79582-1;955;19
2-105-93777-4;215;19
5-101-44442-9;449;19
9-106-26518-7;463;19
8-109-14084-1;974;19
5-105-95750-8;1185;19
9-103-60658-2;534;19
3-102-37303-1;572;19
2-101-75261-4;1384;19
1-105-20069-4;1439;19
8-107-81278-8;629;19
8-108-59566-8;62;19
1-109-58896-4;90;19
9-104-53720-9;198;19
2-105-10407-4;71;19
9-103-54180-2;1358;19
1-101-68811-7;546;19
4-105-47691-1;468;19
5-106-49720-8;1336;19
8-104-23179-5;1339;19
2-105-95430-8;1266;19
9-101-82731-2;636;19
9-102-86064-4;110;19
3-105-75359-9;1398;19
6-106-72516-5;1035;19
2-104-92210-9;1288;19
9-108-42001-5;500;19
2-105-29024-3;337;19
7-109-26095-6;486;19
9-103-54180-2;843;19
1-104-22514-9;733;19
8-105-63917-1;230;19
2-101-18229-2;473;19
4-103-48586-3;174;19
9-101-88144-7;177;19
9-101-40956-7;906;20
1-102-25400-2;420;20
2-101-91208-9;200;20
6-106-20062-5;350;20
5-108-65621-3;1451;20
9-104-61698-8;163;20
3-102-37074-2;152;20
3-105-26335-1;688;20
6-105-67516-4;359;20
2-106-91728-8;227;20
4-106-87678-7;195;20
9-103-53831-1;616;20
2-106-23456-1;329;20
4-103-33231-6;771;20
9-105-68207-3;459;20
9-101-25222-3;500;20
6-104-32824-8;860;20
5-106-68217-4;1435;20
6-103-84101-2;624;20
6-104-96201-6;106;20
2-109-65207-5;1097;20
9-106-58690-4;1012;20
7-102-98724-2;133;20
8-101-31188-9;430;20
8-102-89678-8;434;20
6-105-30043-2;1364;20
7-106-12899-9;561;20
7-106-50294-5;705;20
9-108-92573-7;1022;20
1-109-58896-4;811;20
1-104-67809-4;843;20
7-102-21532-8;92;20
1-109-32806-4;1205;20
8-108-87189-1;370;20
3-104-48132-4;1327;20
1-107-55557-9;693;20
2-103-43997-9;448;20
3-102-17476-3;109;20
5-103-55170-5;1306;20
8-107-17974-4;1085;20
2-109-98725-2;918;20
1-102-25400-2;1484;20
3-103-35930-8;483;20
7-102-37541-1;136;20
8-108-68837-8;1487;20
4-109-18517-4;807;20
7-106-31543-3;76;20
7-106-37046-3;313;20
3-106-91252-7;248;20
1-102-57974-9;590;20
2-101-61230-4;432;20
2-104-95071-1;473;20
2-109-56711-2;557;20
3-105-28377-1;342;20
5-107-20167-7;123;20
9-106-86307-7;225;20
9-108-94655-7;655;20
4-109-15997-1;388;20
5-104-85847-4;1346;20
4-109-18517-4;1180;20
9-106-77656-9;193;20
8-109-68261-1;984;20
1-104-51435-1;444;20
4-102-80541-6;275;20
4-107-88358-3;441;20
2-106-22162-4;717;20
1-106-32913-1;316;20
6-105-88242-3;387;20
2-101-80421-5;107;20
1-103-64238-8;952;20
5-106-53967-9;116;20
5-103-90549-5;289;20
6-107-11620-7;1306;20
1-102-19834-7;190;20
2-104-22749-7;539;20
5-102-26454-2;1355;20
9-103-21576-5;631;20
1-109-98338-3;347;20
5-101-32125-8;260;20
6-103-49642-6;86;20
4-102-36166-6;653;20
6-104-29580-4;756;20
6-103-43112-9;1175;20
6-101-90526-1;664;20
7-106-28393-7;891;20
4-105-44447-8;1211;20
5-103-28471-3;1117;20
6-103-64878-7;308;20
1-105-46518-4;735;20
5-101-93425-5;519;21
8-104-74410-4;755;21
9-102-10658-1;966;21
4-104-27664-2;369;21
9-107-30406-9;777;21
4-105-44447-8;712;21
1-107-74274-7;476;21
4-107-88358-3;88;21
2-104-38492-9;1047;21
5-108-39178-4;145;21
9-103-25186-5;590;21
1-107-31069-5;227;21
2-103-13112-7;155;21
3-106-95716-4;159;21
4-102-51131-4;359;21
9-101-80023-8;210;21
9-108-34020-8;274;21
9-108-42001-5;452;21
5-104-62912-7;1132;21
8-105-41595-4;580;21
3-105-75359-9;859;21
8-102-57198-6;554;21
1-104-85490-8;328;21
2-104-33475-5;187;21
6-106-20062-5;965;21
4-102-37489-3;1400;21
1-101-12692-2;402;21
2-101-19437-3;442;21
2-106-48219-7;505;21
3-101-86272-9;284;21
4-103-55617-1;426;21
4-109-53624-1;75;21
5-105-74895-7;427;21
5-107-16074-6;312;21
7-103-14537-7;563;21
5-108-66409-3;305;21
7-106-70565-4;896;21
4-102-25357-6;189;21
3-102-31761-2;337;21
4-108-96229-2;444;21
5-107-32823-5;380;21
6-106-17460-2;348;21
4-101-11437-3;497;21
3-104-48132-4;1105;21
1-104-51435-1;56;21
5-104-90843-8;196;21
8-101-53834-6;307;21
2-109-68979-6;298;21
9-109-77852-4;631;21
8-107-64338-8;272;21
1-105-53772-3;1163;21
6-107-91980-1;874;21
6-107-19240-1;866;21
3-103-19367-6;1411;21
5-104-93915-1;71;21
5-103-44815-3;896;21
7-101-37772-1;1264;21
2-105-10407-4;1273;21
4-106-61930-2;386;21
5-106-57237-3;476;21
9-109-16820-8;275;21
6-106-20511-3;230;21
6-105-83373-1;410;21
4-105-75914-8;979;21
4-101-93624-6;1321;21
6-109-11650-1;496;21
7-106-26852-3;1062;21
8-107-89065-5;565;21
7-103-52370-2;1074;21
7-101-69434-5;151;21
7-104-11782-8;111;21
5-106-57298-9;1244;21
4-106-27334-7;599;21
9-101-80023-8;690;22
8-103-88717-8;222;22
4-109-78072-9;83;22
5-107-53559-6;777;22
3-106-92113-2;36;22
8-107-82012-8;662;22
4-109-27267-3;290;22
1-109-58896-4;1257;22
6-106-15202-9;505;22
1-104-86823-1;269;22
7-109-57854-2;1194;22
5-104-85847-4;472;22
4-107-88185-1;617;22
1-102-22925-7;1464;22
8-109-97011-5;686;22
1-108-39276-7;343;22
4-107-26481-4;474;22
5-103-44815-3;456;22
4-108-10885-5;1078;22
8-107-17974-4;130;22
3-102-37303-1;1001;22
9-108-42001-5;315;22
6-107-85091-5;149;22
3-101-95653-7;195;22
7-108-17410-1;341;22
1-102-47588-7;460;22
4-106-56018-1;52;22
4-107-13176-5;388;22
5-102-51144-3;388;22
5-102-69056-7;495;22
9-107-30406-9;1317;22
7-109-77387-7;737;22
5-105-35408-6;585;22
5-103-55170-5;547;22
8-102-38362-9;298;22
1-106-23489-6;77;22
6-105-97923-1;423;22
7-107-43328-2;228;22
6-103-66560-8;1333;22
1-103-73627-4;663;22
3-101-86272-9;1041;22
2-101-61230-4;306;22
3-102-17476-3;515;22
8-102-65265-3;607;22
7-106-18158-4;1444;22
4-101-31285-1;304;22
8-104-61106-7;617;22
3-107-21422-4;795;22
1-107-57471-9;501;22
8-108-10321-6;74;22
9-101-28187-8;27;22
9-105-68207-3;238;22
5-105-21118-4;117;22
7-102-76576-5;1468;22
9-106-39720-3;75;22
1-102-35696-4;350;22
1-105-80054-7;1344;22
5-108-61858-4;322;22
3-102-94359-2;1204;22
4-109-82666-1;1445;22
7-106-62179-9;579;22
2-102-38483-3;1210;22
1-101-21544-1;920;22
2-106-91728-8;890;22
3-104-48132-4;117;22
5-107-80715-3;437;22
2-104-78584-3;515;22
4-105-25401-3;615;22
5-102-10164-7;331;22
6-104-23874-6;323;22
2-104-63649-4;372;23
5-105-25754-5;922;23
1-107-31745-5;1449;23
2-104-95071-1;1345;23
9-103-53831-1;532;23
5-101-94589-4;563;23
8-103-36079-1;56;23
8-109-32361-6;283;23
2-109-61649-7;901;23
1-105-72502-4;1218;23
8-102-38518-4;1432;23
6-105-83373-1;187;23
7-103-95909-2;638;23
1-102-59139-5;1289;23
6-104-32824-8;1217;23
5-108-67789-7;816;23
7-101-85792-7;964;23
5-107-32823-5;1113;23
3-106-82670-9;827;23
1-105-46518-4;1370;23
8-109-72793-6;1227;23
5-102-19592-3;1079;23
1-105-57686-9;533;23
5-101-94589-4;1214;23
1-103-68196-8;892;23
3-102-67311-2;1469;23
5-101-82092-2;1367;23
9-109-10795-3;1074;23
5-103-76959-1;63;23
1-102-88721-8;330;23
3-101-44552-3;167;23
3-107-33689-2;36;23
5-107-26790-4;56;23
5-109-94848-3;129;23
8-108-59566-8;776;23
4-104-41260-9;646;23
4-106-87678-7;515;23
4-101-45178-2;69;23
3-105-22664-5;927;23
3-106-56476-1;565;23
7-109-24859-2;404;23
7-101-33259-8;73;23
3-103-73672-9;649;23
3-106-82670-9;186;23
6-103-66560-8;225;23
5-108-96823-9;587;23
7-103-52370-2;690;23
7-101-37772-1;802;23
6-105-67516-4;54;23
3-107-33689-2;975;23
5-104-30004-9;1045;23
5-105-16645-3;796;23
5-103-83997-9;389;23
7-104-37207-9;1285;23
9-107-76748-9;75;23
7-107-43328-2;638;23
6-103-48800-4;209;23
5-103-55170-5;310;23
1-105-20069-4;791;23
7-102-93398-9;1453;23
4-109-78072-9;1012;23
7-102-74922-7;784;23
9-109-57073-5;291;23
1-106-55045-4;1113;23
5-102-43502-7;1348;23
8-105-41595-4;691;23
7-104-37207-9;658;23
3-106-82670-9;1373;23
1-108-76451-6;970;23
2-101-40414-5;624;23
5-101-94589-4;1164;24
6-103-64878-7;443;24
5-108-39178-4;719;24
7-106-70565-4;693;24
3-109-15790-3;160;24
9-101-25222-3;194;24
9-101-10345-1;388;24
3-109-92613-5;991;24
7-105-80523-5;504;24
8-109-72793-6;187;24
9-104-53720-9;457;24
2-102-58851-6;975;24
3-107-21422-4;760;24
8-101-19831-8;439;24
4-101-31285-1;1206;24
7-104-43367-9;262;24
8-105-46596-7;525;24
7-102-28079-4;1246;24
7-105-23681-1;1320;24
8-108-49842-1;965;24
8-109-72793-6;1204;24
8-109-14084-1;495;24
4-106-26207-1;613;24
4-107-88358-3;711;24
2-105-10407-4;534;24
2-105-76980-3;415;24
3-103-54636-2;469;24
6-103-64878-7;2;24
4-101-88052-5;512;24
1-104-66296-5;532;24
1-105-23221-2;594;24
6-104-39004-5;420;24
6-109-11650-1;15;24
7-107-35031-1;473;24
6-102-71130-2;943;24
3-101-72815-3;73;24
1-104-69220-5;440;24
8-102-65265-3;149;24
4-102-76823-6;529;24
6-102-22848-9;263;24
6-106-67685-4;549;24
7-101-30288-4;568;24
6-104-96201-6;1165;24
8-108-10321-6;1452;24
8-104-99423-1;257;24
3-106-56476-1;144;24
6-103-76317-4;689;24
5-108-91695-5;521;24
2-105-49642-9;22;24
4-106-24200-5;394;24
4-108-77216-9;163;24
2-105-49642-9;490;24
4-101-58526-4;726;24
9-102-81114-7;1311;24
9-103-66739-5;1247;24
3-105-22665-1;203;24
6-104-99193-8;184;24
9-109-77852-4;703;24
4-101-81258-3;1270;24
9-102-86064-4;1425;24
4-102-44477-1;672;24
2-109-27501-5;366;24
7-103-97408-1;349;24
3-107-75532-5;448;24
1-101-12692-2;437;24
7-109-24859-2;1322;24
8-104-68902-4;1314;24
7-103-58422-2;111;24
2-105-34885-4;54;24
7-106-20132-5;302;24
9-101-75878-8;384;24
3-104-77451-3;319;25
7-109-84453-9;1050;25
6-106-17460-2;867;25
3-109-71814-3;965;25
1-106-68778-6;276;25
4-104-58049-3;883;25
6-106-37704-7;1047;25
9-106-39720-3;1453;25
1-106-59267-3;565;25
9-108-88150-2;255;25
8-102-23132-1;1483;25
6-104-99193-8;320;25
5-103-28471-3;970;25
6-101-78059-6;1195;25
5-106-68217-4;1257;25
4-102-25357-6;1288;25
3-105-22664-5;1082;25
6-102-55802-4;530;25
9-104-33792-7;857;25
3-104-46121-8;140;25
3-106-98588-9;532;25
9-109-88646-7;606;25
3-104-57631-6;1369;25
3-104-50228-2;428;25
9-102-91594-7;464;25
8-108-59566-8;857;25
7-104-75766-3;1213;25
1-104-69220-5;47;25
3-102-50484-8;102;25
5-105-59643-2;956;25
5-107-26790-4;218;25
6-106-18742-1;52;25
4-106-24200-5;593;25
1-102-22925-7;1369;25
4-107-12080-3;907;25
1-101-96020-1;967;25
8-104-70716-1;1046;25
1-105-35323-7;215;25
5-104-93915-1;459;25
7-103-63784-4;1093;25
3-103-19613-5;458;25
5-102-85850-8;584;25
5-104-80823-3;536;25
3-103-73672-9;1436;25
1-107-54218-8;1314;25
5-106-68217-4;690;25
7-106-22840-7;1486;25
1-103-63614-9;535;25
2-108-29311-7;78;25
3-103-35930-8;501;25
7-107-69245-7;292;25
9-103-25186-5;215;25
1-101-23777-7;866;25
6-108-92446-6;438;25
3-101-69701-2;278;25
4-106-92912-8;138;25
1-103-63614-9;1129;25
2-108-40031-3;639;25
1-102-22925-7;268;25
3-104-86021-5;540;25
9-103-60658-2;286;25
6-103-58601-5;1059;25
7-105-28853-9;103;25
7-105-28853-9;664;25
8-105-18011-3;518;25
9-109-90696-1;1230;25
7-107-90464-2;717;25
1-103-96182-5;1047;25
9-108-64989-9;1219;25
4-106-87678-7;115;25
5-103-68312-8;387;25
7-106-12127-9;543;25
3-106-93800-3;1452;26
6-104-61092-1;1439;26
4-107-88358-3;865;26
5-108-12836-3;1403;26
3-105-22737-7;456;26
7-105-89847-6;1449;26
5-102-19592-3;942;26
7-107-35031-1;712;26
5-108-96823-9;1251;26
6-104-23874-6;1408;26
3-105-22737-7;98;26
4-108-96179-7;3;26
5-109-82719-7;626;26
6-101-64856-2;534;26
8-107-17974-4;527;26
8-104-10124-3;223;26
9-102-81114-7;794;26
4-104-27664-2;1283;26
3-104-20650-1;521;26
1-108-83878-8;846;26
9-104-61698-8;1009;26
7-104-33785-5;837;26
1-105-39382-3;544;26
8-109-27522-8;1318;26
4-101-45178-2;1194;26
5-101-93425-5;355;26
8-103-88962-7;203;26
8-109-29865-5;596;26
1-106-95668-1;734;26
5-107-26790-4;519;26
1-102-90290-2;1281;26
2-102-79589-9;693;26
8-103-92285-8;1396;26
5-104-62912-7;104;26
2-101-26007-9;1328;26
1-102-25400-2;1333;26
3-106-82670-9;1111;26
7-104-91913-7;302;26
9-105-20288-6;599;26
9-104-96986-8;642;26
2-102-12573-6;687;26
2-109-31959-5;1037;26
3-101-80976-8;1062;26
4-105-25401-3;54;26
1-107-31069-5;1442;26
3-106-95716-4;1137;26
5-109-32137-3;336;26
9-105-32653-4;845;26
9-106-70204-4;348;26
7-105-91894-3;1075;26
9-103-25186-5;300;26
1-109-77140-2;1436;26
8-104-48913-2;462;26
4-101-39236-8;426;26
4-104-32701-6;270;26
9-101-28187-8;1490;26
3-106-92113-2;689;26
3-109-15790-3;1445;26
4-107-34312-3;645;26
5-103-27253-5;333;26
8-102-65265-3;251;26
7-106-52817-2;1437;26
9-105-31261-2;1378;26
7-102-94760-7;292;26
1-103-94168-5;654;26
8-103-54936-4;868;26
3-107-18757-2;1437;26
7-102-78352-3;1305;26
2-101-19437-3;1283;26
3-105-22665-1;643;26
7-106-89315-2;598;26
5-105-62026-2;16;26
5-107-52521-8;490;26
7-103-58422-2;477;26
7-109-57854-2;435;26
6-106-17460-2;1407;26
8-109-71536-9;1027;26
2-102-20305-2;369;26
8-109-86471-7;1224;26
4-104-19872-6;267;26
4-109-18517-4;581;26
5-108-92872-9;398;26
7-106-70565-4;439;26
8-103-91540-5;285;27
9-106-64286-8;1331;27
9-105-68207-3;746;27
3-102-67311-2;1064;27
8-105-63917-1;1289;27
6-106-70279-1;1314;27
2-108-29311-7;643;27
5-102-69056-7;1075;27
1-101-23777-7;585;27
6-109-39092-6;1373;27
5-108-89999-6;1357;27
9-101-25222-3;1335;27
1-103-64238-8;355;27
1-109-58896-4;507;27
3-101-65224-8;330;27
4-109-12001-5;118;27
8-105-66133-1;382;27
9-103-58210-3;859;27
7-101-67704-1;1428;27
3-105-28377-1;871;27
1-108-30750-3;1488;27
2-108-35383-4;384;27
6-106-38983-5;134;27
9-103-21576-5;464;27
1-101-97447-1;747;27
2-109-40459-9;429;27
8-101-53834-6;744;27
3-104-47911-6;405;27
9-109-11124-9;1268;27
4-101-64579-3;115;27
4-106-85580-8;448;27
3-108-36721-2;1423;27
1-108-58389-5;422;27
2-101-26007-9;603;27
1-105-35323-7;113;27
1-107-31745-5;31;27
5-108-12836-3;247;27
3-105-96067-4;994;27
2-109-31959-5;801;27
7-105-28853-9;646;27
2-108-49727-9;648;27
7-102-74922-7;568;27
1-105-20978-1;84;27
8-102-82053-7;1094;27
2-107-49154-4;680;27
5-103-27253-5;687;27
1-102-25400-2;130;27
6-106-37704-7;296;27
2-106-78318-2;1421;27
8-101-32064-1;996;27
4-102-80541-6;410;27
6-106-37409-4;641;27
7-108-98246-7;87;27
3-101-71627-6;409;27
3-106-98588-9;577;27
4-109-12001-5;341;27
3-102-85109-4;472;27
3-106-58473-5;157;27
5-105-39217-1;122;27
8-108-92338-5;304;27
9-108-11301-9;584;27
2-101-80421-5;642;27
9-107-30406-9;348;27
9-109-40013-3;1182;27
3-106-92113-2;671;27
1-107-74274-7;389;27
8-109-97011-5;1016;27
3-104-60139-7;1245;27
3-103-73672-9;615;27
7-102-76576-5;1337;27
7-102-37541-1;172;27
9-102-86849-6;424;27
3-106-95794-3;414;28
5-101-78199-6;400;28
5-105-35408-6;742;28
5-101-34165-8;611;28
4-102-51131-4;701;28
5-104-90843-8;618;28
7-103-95909-2;305;28
3-105-26335-1;930;28
1-101-44560-3;329;28
1-105-53772-3;470;28
9-104-33792-7;1099;28
4-109-48767-2;327;28
2-108-23688-8;3;28
6-105-85838-2;262;28
7-104-33785-5;499;28
6-101-13374-5;1236;28
7-101-15958-7;656;28
5-104-90843-8;982;28
9-109-42617-9;744;28
3-103-63622-5;674;28
2-108-46218-2;1410;28
3-102-99397-2;1484;28
8-107-17974-4;1468;28
1-109-58183-5;621;28
2-107-49154-4;41;28
3-107-21422-4;31;28
5-103-45076-6;540;28
6-105-66726-4;52;28
7-104-11782-8;1263;28
7-105-15537-4;340;28
9-102-27234-8;1308;28
4-109-78072-9;864;28
8-106-65723-1;296;28
3-104-57631-6;912;28
4-107-95641-6;1120;28
6-104-23874-6;838;28
9-109-57770-9;546;28
4-102-31144-3;659;28
7-102-50859-8;408;28
5-107-82808-5;346;28
6-103-84101-2;12;28
5-103-27253-5;154;28
6-101-13374-5;1296;28
9-109-57847-8;759;28
8-105-41595-4;798;28
8-104-23179-5;883;28
2-106-86527-4;1440;28
2-101-91208-9;788;28
5-107-16074-6;1116;28
5-102-85850-8;327;28
1-106-11022-8;575;28
5-103-18732-9;77;28
2-109-40916-8;16;28
3-101-71627-6;309;28
4-102-37489-3;181;28
6-102-36879-4;551;28
7-109-26095-6;136;28
2-105-20549-7;323;28
9-106-70204-4;327;28
7-102-77508-2;918;28
3-103-35930-8;62;28
8-101-57394-4;412;28
5-107-45873-9;189;28
8-103-54936-4;114;28
7-103-97264-3;426;28
1-105-39382-3;759;28
7-104-90047-4;226;28
4-102-25357-6;141;28
1-104-69220-5;1090;28
4-104-19872-6;884;28
5-109-54250-1;1212;28
1-101-96020-1;298;28
4-103-78477-6;516;28
4-105-11209-5;190;28
6-103-76317-4;467;28
7-105-15537-4;230;28
5-103-94449-4;762;28
1-102-25400-2;982;28
1-102-47588-7;892;28
6-106-11183-2;182;28
7-106-18158-4;1194;28
4-102-37489-3;780;28
5-109-67021-9;840;28
9-108-35993-2;674;28
2-108-60312-2;1319;28
2-105-47425-6;481;28
2-107-34858-3;641;28
3-102-17713-1;179;28
4-101-81258-3;256;28
6-103-58601-5;403;28
8-104-23179-5;1469;28
3-106-95716-4;516;28
5-105-98018-3;1496;28
8-106-23981-4;844;28
7-104-37207-9;841;28
1-109-32806-4;778;28
1-104-28435-1;909;28
8-104-99423-1;634;28
8-103-36079-1;1301;28
7-102-77508-2;949;28
4-109-27267-3;240;28
6-104-61092-1;590;28
9-104-53720-9;656;29
8-109-71536-9;1337;29
7-104-83861-9;1025;29
5-108-65370-6;1322;29
9-101-28187-8;1046;29
8-104-68902-4;367;29
9-104-96986-8;1315;29
5-108-89999-6;85;29
2-104-15346-7;568;29
8-104-74410-4;152;29
7-106-20132-5;826;29
7-103-93683-3;250;29
2-104-78584-3;617;29
1-106-16202-5;891;29
4-104-83692-1;1133;29
6-106-46970-1;542;29
5-103-83997-9;354;29
2-102-12573-6;562;29
1-104-85490-8;500;29
1-109-36850-6;15;29
1-105-94426-5;731;29
7-102-40624-4;143;29
9-106-40357-3;278;29
8-109-68261-1;1325;29
6-103-48800-4;491;29
1-108-58389-5;366;29
5-107-79714-4;978;29
3-102-17713-1;1105;29
7-101-45108-7;669;29
7-108-17410-1;187;29
2-101-75261-4;105;29
2-106-22162-4;140;29
4-102-25357-6;352;29
1-109-58183-5;442;29
4-106-56018-1;1110;29
5-108-30055-9;1329;29
3-109-71832-3;251;29
8-104-68902-4;51;29
4-108-15651-5;1182;29
1-103-63614-9;1138;29
1-104-64922-9;449;29
3-102-37074-2;258;29
5-103-55486-9;31;29
5-105-21118-4;276;29
9-106-64286-8;327;29
5-107-98056-7;1422;29
4-101-58526-4;598;29
7-101-85792-7;1442;29
8-108-77787-8;320;29
7-106-20132-5;324;29
2-106-91728-8;204;29
1-101-44560-3;241;29
4-104-58049-3;1255;29
7-107-45090-6;470;29
9-102-44545-3;1186;29
1-101-97447-1;436;29
1-102-59139-5;254;29
1-106-95668-1;304;29
5-107-11281-3;259;29
9-104-33792-7;288;29
7-102-21532-8;1084;29
9-109-46053-9;309;29
2-106-48219-7;77;29
9-108-64989-9;85;29
8-102-46886-7;335;29
9-108-88150-2;799;29
1-105-20978-1;270;29
4-103-69189-7;541;29
4-106-45900-2;348;29
6-106-46637-6;104;29
7-108-66527-5;295;29
4-106-53499-4;1149;29
5-102-19592-3;658;29
1-104-22440-2;254;29
8-105-29962-6;157;29
5-107-80715-3;627;29
4-105-47691-1;702;29
9-103-70580-2;934;29
2-106-78318-2;1143;29
2-101-80421-5;1083;29
7-109-65024-7;379;29
9-104-44466-5;150;29
4-109-12001-5;1440;30
5-103-45076-6;1442;30
6-105-97923-1;93;30
4-104-83692-1;1382;30
3-104-48132-4;1167;30
7-101-35294-3;999;30
3-102-94359-2;946;30
8-104-45938-4;1422;30
1-104-23061-2;608;30
6-103-88083-1;646;30
6-106-20062-5;641;30
7-106-31543-3;390;30
2-108-40031-3;1085;30
2-104-92558-8;1070;30
1-107-99146-7;297;30
3-104-50228-2;221;30
7-106-64006-5;1366;30
2-105-69785-5;142;30
2-109-63781-8;210;30
5-109-94848-3;62;30
8-104-74410-4;55;30
5-108-91695-5;1003;30
5-108-67789-7;1232;30
6-104-97688-6;1102;30
8-105-46596-7;167;30
1-102-35696-4;769;30
6-105-78280-3;723;30
8-107-82012-8;1310;30
4-109-60038-2;527;30
6-102-36879-4;646;30
6-103-10917-8;711;30
2-102-94214-8;157;30
9-101-20811-6;1363;30
8-106-23981-4;393;30
9-102-86064-4;542;30
2-101-75261-4;1015;30
6-102-10988-4;222;30
1-106-40823-7;1292;30
8-102-28846-1;105;30
7-106-12899-9;636;30
7-102-50859-8;552;30
5-101-34165-8;410;30
8-107-70358-2;18;30
9-101-35398-9;639;30
7-108-66527-5;309;30
4-107-19892-5;966;30
9-107-12460-3;840;30
5-105-98039-2;124;30
3-104-47911-6;1162;30
1-108-58389-5;993;30
3-106-18685-8;807;30
8-103-88962-7;479;30
1-105-23221-2;583;30
1-105-39382-3;166;30
3-109-71814-3;87;30
8-106-82915-2;257;30
3-103-51833-9;1190;30
9-109-65664-3;198;30
5-107-26790-4;809;30
4-104-32701-6;1444;30
3-107-75532-5;928;30
9-104-96986-8;644;30
2-105-52102-7;989;30
4-106-28112-4;1268;30
5-109-54250-1;1343;30
6-106-20511-3;1495;30
3-104-50228-2;93;30
2-107-49154-4;569;30
8-102-38518-4;1190;30
4-103-78629-2;1271;30
4-101-43910-4;1154;30
9-104-27967-4;1165;30
3-102-77464-7;1111;30
6-104-78391-1;558;30
7-101-85792-7;522;30
7-106-25202-3;945;31
1-104-64922-9;1372;31
4-109-25193-6;634;31
7-107-35546-5;268;31
2-104-82261-8;783;31
5-104-46371-3;1376;31
1-102-57479-4;1238;31
9-106-79108-7;435;31
8-104-68902-4;353;31
8-103-36079-1;1384;31
1-104-22440-2;453;31
8-101-12726-2;357;31
9-104-80162-9;375;31
8-109-29865-5;1418;31
9-106-38210-6;1265;31
8-109-97011-5;1106;31
5-106-24750-6;1487;31
6-106-60672-7;1024;31
4-108-63442-2;53;31
1-103-35101-7;1281;31
5-108-96823-9;1202;31
9-107-97476-9;344;31
1-103-35101-7;731;31
5-109-39502-5;467;31
2-105-96478-5;503;31
2-105-95430-8;394;31
8-101-53834-6;1272;31
1-102-19834-7;833;31
9-103-98501-9;1496;31
5-107-80715-3;1046;31
9-107-17568-3;271;31
2-104-21416-6;1278;31
3-103-19613-5;542;31
1-106-11022-8;974;31
9-107-17568-3;459;31
2-103-77968-6;638;31
2-108-60312-2;651;31
5-101-10486-4;120;31
6-109-90208-8;499;31
9-109-77771-1;258;31
2-109-41712-7;1043;31
5-105-95750-8;1122;31
8-109-79971-1;1259;31
4-106-85580-8;1069;31
1-104-85490-8;84;31
5-105-16645-3;1220;31
5-104-41294-6;606;31
3-108-36721-2;352;31
5-107-52521-8;855;31
4-105-28386-2;644;31
9-108-52774-1;202;31
2-101-80421-5;1299;31
3-102-37074-2;1084;31
9-108-88150-2;775;31
3-107-33689-2;582;31
1-103-64238-8;520;31
4-109-27267-3;1296;31
2-108-49727-9;365;31
7-103-14537-7;379;31
5-103-45076-6;593;31
2-109-40916-8;808;31
3-106-70167-7;569;31
4-105-44804-7;82;31
6-103-10917-8;447;31
9-101-52853-5;565;31
9-106-80438-8;109;31
4-106-28112-4;222;31
5-105-90277-7;813;31
4-107-13176-5;1214;31
3-105-14652-2;231;31
1-108-16129-7;753;31
5-108-41495-4;592;31
9-105-75927-5;799;31
3-101-71627-6;1453;31
3-105-69611-6;909;31
8-109-85710-7;1483;31
4-107-80424-2;1304;31
2-109-83553-2;62;31
1-107-99146-7;345;31
2-109-64682-3;643;31
4-109-98819-2;110;31
8-102-38362-9;550;31
8-102-46886-7;301;31
9-105-79528-1;154;31
9-107-91749-3;483;31
9-105-48547-5;793;31
3-107-75532-5;118;31
7-103-52370-2;367;31
3-102-66904-8;936;31
6-102-22848-9;146;31
4-106-27334-7;1391;31
9-106-45707-8;1238;31
2-109-31959-5;753;31
7-106-89315-2;452;31
1-102-19834-7;181;31
1-108-76451-6;418;31
6-101-78059-6;407;31
8-104-48913-2;69;31
8-109-86471-7;325;31
8-104-23179-5;693;32
4-107-88358-3;497;32
4-102-54827-8;635;32
3-108-24026-2;997;32
9-102-86849-6;572;32
9-107-91749-3;531;32
3-103-35930-8;156;32
6-104-33752-4;218;32
9-107-12460-3;400;32
7-101-85792-7;421;32
3-105-22737-7;1382;32
2-108-35383-4;1004;32
5-101-87086-8;994;32
2-107-86096-2;997;32
9-109-40013-3;187;32
3-104-32695-6;110;32
6-102-10988-4;118;32
4-109-18517-4;1464;32
4-104-16739-2;344;32
3-104-77451-3;984;32
3-103-35930-8;159;32
5-104-46371-3;920;32
4-101-45178-2;1442;32
1-104-66296-5;1252;32
3-102-99397-2;1441;32
4-101-58526-4;55;32
1-101-21544-1;40;32
5-103-28471-3;333;32
5-107-27584-7;276;32
9-104-70628-8;399;32
2-108-49727-9;775;32
2-105-34885-4;1181;32
9-106-18344-9;50;32
9-103-70580-2;366;32
2-107-49154-4;582;32
9-101-80023-8;751;32
5-101-17558-5;1467;32
9-107-75506-2;1236;32
4-106-87678-7;263;32
6-103-64878-7;669;32
4-102-76823-6;130;32
8-108-13137-7;171;32
4-103-30105-4;520;32
8-101-19831-8;128;32
8-106-25677-7;214;32
9-103-58210-3;347;32
4-103-24679-3;632;32
1-104-33291-7;1214;32
3-102-92102-7;704;32
1-102-90290-2;1015;32
5-105-98018-3;975;32
4-106-44211-1;724;32
4-104-63189-4;340;32
2-106-91728-8;330;32
1-106-16202-5;230;32
4-108-50602-5;148;32
8-109-81365-6;393;32
1-109-92456-7;477;32
9-103-53831-1;810;32
4-107-19892-5;383;32
4-105-13027-9;1098;32
9-101-80023-8;1195;32
1-108-58389-5;361;32
1-109-98799-4;304;32
3-101-69701-2;316;32
3-102-92102-7;1249;32
2-101-75261-4;1422;32
4-103-24679-3;763;32
7-108-80456-9;626;32
8-105-19674-8;50;32
9-109-40013-3;903;33
7-105-28853-9;930;33
5-106-68217-4;179;33
7-106-26852-3;555;33
5-107-67630-7;1400;33
7-106-50294-5;670;33
6-103-10917-8;294;33
9-101-25222-3;1370;33
8-107-15419-6;770;33
2-107-12020-8;505;33
5-107-45873-9;254;33
8-102-23132-1;377;33
4-102-81838-2;1315;33
5-101-10486-4;798;33
4-102-37489-3;751;33
7-104-86194-7;488;33
8-102-38362-9;890;33
8-101-19831-8;1180;33
9-102-77922-2;936;33
3-105-75359-9;1343;33
2-104-63649-4;311;33
3-103-63622-5;353;33
3-104-77451-3;202;33
5-103-78432-4;120;33
6-106-71706-1;374;33
6-107-19240-1;27;33
3-101-65224-8;289;33
7-101-67704-1;1038;33
8-101-31188-9;90;33
1-103-35101-7;741;33
9-104-61698-8;667;33
5-102-26454-2;499;33
7-109-46363-5;390;33
8-102-17156-1;309;33
8-107-15419-6;3;33
2-104-38492-9;1430;33
6-106-40938-5;891;33
4-102-50174-2;1477;33
9-106-77656-9;420;33
5-103-94449-4;1259;33
6-103-47484-2;613;33
5-103-78432-4;386;33
8-108-10321-6;836;33
9-108-94655-7;642;33
8-102-28846-1;143;33
4-101-31285-1;459;33
4-108-10885-5;13;33
5-106-57298-9;16;33
9-106-58690-4;204;33
3-101-69701-2;954;33
1-102-47588-7;656;33
1-102-59139-5;448;33
2-109-61649-7;1280;33
9-102-10658-1;1424;33
2-103-91116-2;268;33
5-104-46371-3;660;33
6-102-72344-6;373;33
6-103-47484-2;364;33
4-104-19872-6;1221;33
7-101-19400-2;316;33
1-103-73627-4;412;33
3-101-69701-2;1488;33
5-109-54250-1;598;33
9-106-40357-3;1165;33
7-102-48020-9;629;33
5-107-52521-8;1175;33
2-108-19101-1;342;33
5-108-22793-6;496;33
7-102-28079-4;322;33
8-109-81365-6;412;33
9-103-29128-3;478;34
4-105-44804-7;1093;34
6-101-26508-2;1498;34
2-101-18229-2;330;34
8-108-77787-8;1113;34
4-106-92912-8;1148;34
9-105-79528-1;565;34
4-101-31285-1;701;34
1-101-97447-1;1214;34
1-107-55557-9;296;34
2-102-58851-6;409;34
4-105-44447-8;49;34
5-106-76206-6;620;34
6-107-21043-2;221;34
7-106-52817-2;21;34
7-106-64006-5;1332;34
5-104-93915-1;71;34
2-104-94628-1;328;34
6-104-97688-6;1179;34
5-107-20167-7;289;34
6-109-91482-3;448;34
9-106-45707-8;713;34
8-108-92338-5;841;34
5-105-95750-8;515;34
8-103-36079-1;848;34
3-104-48132-4;588;34
6-104-99193-8;602;34
1-107-19463-5;1452;34
4-104-23823-1;614;34
5-107-91526-7;1028;34
4-102-50174-2;1326;34
8-103-62656-6;664;34
3-105-22664-5;626;34
8-109-97427-5;752;34
8-104-68902-4;1390;34
1-109-98338-3;805;34
5-107-11281-3;1071;34
9-104-80162-9;396;34
6-103-26588-1;436;34
4-103-69438-2;355;34
2-107-16822-5;492;34
4-102-50174-2;229;34
7-107-43328-2;144;34
9-104-80162-9;579;34
6-104-39004-5;718;34
3-105-96067-4;1328;34
5-107-99828-1;977;34
8-101-57394-4;506;34
2-107-40361-5;587;34
7-109-77387-7;1434;34
6-106-40938-5;991;34
2-104-22749-7;532;34
5-104-85606-6;548;34
9-102-77922-2;368;34
1-101-96020-1;101;34
9-109-57770-9;991;34
1-109-70636-8;534;34
9-107-17568-3;971;34
4-103-30105-4;432;34
2-104-30806-3;328;34
1-104-33291-7;14;34
2-106-78318-2;507;34
6-109-39092-6;24;34
9-108-29931-4;1114;34
6-106-67685-4;122;34
4-106-87678-7;340;34
4-108-96179-7;520;34
1-103-35101-7;420;34
9-104-66518-9;1189;34
7-101-85792-7;1221;34
9-108-64989-9;736;34
6-105-83373-1;1384;34
6-105-66726-4;1262;34
9-103-66739-5;953;34
1-102-88721-8;963;34
2-101-80212-6;1495;34
7-105-82114-5;1448;34
1-106-40823-7;95;34
1-109-51922-4;67;34
3-104-50228-2;368;34
7-108-20703-7;400;34
5-109-76922-2;343;34
8-102-46886-7;1064;34
8-104-53325-2;1174;34
6-108-32781-5;789;34
4-105-28386-2;1283;34
3-102-27804-4;1485;34
1-104-61411-7;860;34
8-102-23132-1;246;34
9-103-64248-8;375;34
4-101-39236-8;547;34
2-106-86527-4;1151;35
8-107-17974-4;809;35
5-105-25754-5;368;35
2-103-91116-2;811;35
4-103-70508-3;940;35
7-101-55737-7;520;35
2-106-40073-2;191;35
3-102-92102-7;252;35
7-102-94760-7;365;35
1-103-70819-4;814;35
2-109-83553-2;931;35
6-103-88083-1;1072;35
6-109-63678-9;341;35
3-108-85056-2;1437;35
1-109-65197-8;1046;35
7-109-24859-2;596;35
7-106-55640-5;438;35
6-107-90994-4;1132;35
9-103-66739-5;119;35
2-102-38483-3;430;35
4-106-28112-4;252;35
9-104-20455-6;1113;35
2-102-12573-6;1361;35
3-109-15790-3;637;35
9-103-98501-9;850;35
1-101-96020-1;668;35
1-105-39382-3;983;35
7-101-85792-7;207;35
6-109-63678-9;653;35
9-102-86064-4;1455;35
2-109-41712-7;272;35
4-101-58358-8;641;35
7-102-26207-4;234;35
2-107-57254-5;996;35
2-103-63889-8;933;35
3-109-71814-3;267;35
5-105-74895-7;1105;35
7-109-70825-9;452;35
7-105-28853-9;760;35
2-104-79053-5;1400;35
4-105-13027-9;1300;35
4-107-16778-7;1142;35
8-104-70329-9;359;35
6-109-90208-8;178;35
4-101-81258-3;1300;35
6-109-58280-4;736;35
1-109-19058-2;222;35
2-107-40361-5;289;35
6-106-37704-7;132;35
5-107-16074-6;445;35
4-109-48767-2;546;35
1-104-81802-9;432;35
6-105-14472-2;567;35
2-107-86096-2;415;35
8-103-54936-9;1432;35
4-102-31144-3;785;35
9-101-25222-3;743;35
4-106-28112-4;455;35
5-107-80715-3;248;35
8-105-86834-1;258;35
8-109-27522-8;433;35
9-103-98501-9;1473;35
5-105-16645-3;1388;35
7-103-55286-9;800;35
3-101-95653-7;911;35
2-105-20549-7;814;35
9-109-40013-3;541;35
1-109-64847-3;825;35
6-105-99860-5;325;35
8-106-64632-4;971;35
1-106-16202-5;156;35
4-101-93624-6;921;35
1-108-58389-5;728;35
1-105-39382-3;793;35
3-102-17476-3;290;35
9-108-92573-7;930;35
5-105-98018-3;58;35
6-109-11650-1;586;35
1-105-94426-5;957;35
1-107-12694-8;30;35
9-106-19703-3;535;35
4-105-56776-3;969;36
3-106-98588-9;1494;36
4-105-28386-2;1364;36
3-107-92425-2;226;36
3-105-62347-3;752;36
3-104-86021-5;709;36
6-105-30043-2;415;36
9-106-58690-4;79;36
7-108-20703-7;1178;36
9-105-79528-1;1336;36
6-108-92446-6;398;36
7-102-26207-4;1280;36
6-109-91482-3;481;36
7-102-28079-4;246;36
5-107-52521-8;1469;36
8-108-53841-2;479;36
8-107-89306-5;1247;36
2-103-19610-9;1383;36
3-103-35930-8;1015;36
3-109-70793-7;1438;36
2-106-40751-7;1261;36
1-103-71217-3;194;36
4-105-28386-2;543;36
8-104-10124-3;473;36
8-103-62656-6;676;36
9-104-20455-6;751;36
1-108-95694-2;1068;36
8-109-32361-6;1114;36
4-101-39236-8;251;36
6-102-44811-4;1284;36
4-105-16746-6;1423;36
7-105-82114-5;840;36
4-104-89904-7;1348;36
4-107-80424-2;591;36
2-105-29024-3;662;36
3-107-51797-2;594;36
7-101-19400-2;163;36
4-106-87678-7;1121;36
8-107-89065-5;1319;36
1-106-68778-6;1235;36
2-105-93777-4;1355;36
2-109-40916-8;1377;36
3-106-56476-1;826;36
6-105-27962-4;1161;36
4-101-68976-9;1112;36
1-106-41616-4;1269;36
5-109-40563-1;503;36
7-103-55286-9;1186;36
5-103-94449-4;535;36
4-108-15651-5;596;36
7-106-62179-9;105;36
7-107-35546-5;66;36
8-109-85710-7;199;36
9-101-40956-7;112;36
9-103-97363-1;620;36
2-105-96478-5;866;36
1-103-64238-8;1348;36
2-107-12020-8;1118;36
6-107-19240-1;439;36
8-105-86834-1;335;36
5-103-55486-9;1221;36
6-102-10988-4;978;36
7-106-28393-7;752;36
8-103-92285-8;303;36
8-107-34817-5;310;36
5-106-27055-2;1173;36
6-103-46942-4;1410;36
4-104-19872-6;278;36
7-108-80456-9;651;36
1-108-57224-2;1265;36
1-109-19058-2;439;36
3-104-14287-2;84;36
6-106-71706-1;807;36
2-103-26843-9;244;36
2-108-19101-1;1238;37
1-108-95694-2;1422;37
7-102-98724-2;1106;37
9-105-54756-5;724;37
8-106-92908-2;658;37
2-105-20549-7;757;37
6-104-29580-4;75;37
9-104-14129-9;275;37
1-108-88164-9;564;37
4-104-20247-8;166;37
3-105-22665-1;307;37
4-108-10885-5;989;37
6-105-52440-1;788;37
5-107-67630-7;131;37
9-104-44466-5;733;37
1-103-64238-8;470;37
5-106-75650-7;358;37
3-105-39169-6;661;37
2-103-77968-6;975;37
3-104-57631-6;567;37
8-103-88717-8;215;37
1-107-31745-5;1284;37
2-108-29311-7;579;37
4-106-21446-6;55;37
2-104-94628-1;924;37
1-109-32806-4;1242;37
2-104-92210-9;180;37
3-105-96067-4;922;37
1-109-58183-5;185;37
1-105-80054-7;620;37
7-102-13439-4;84;37
7-104-11782-8;408;37
6-103-48800-4;326;37
2-106-40751-7;860;37
4-103-69438-2;612;37
2-104-94547-4;1158;37
1-104-22440-2;352;37
4-103-48586-3;797;37
6-106-11183-2;962;37
4-103-69438-2;258;37
3-107-75532-5;890;37
9-103-98501-9;521;37
5-107-53559-6;93;37
1-104-86823-1;509;37
6-103-84101-2;268;37
2-107-19621-8;1237;37
3-102-99397-2;953;37
9-102-50514-9;881;37
2-105-49642-9;72;37
6-101-13374-5;133;37
8-109-97427-5;441;37
3-104-50228-2;668;37
9-102-91594-7;175;37
4-108-77216-9;413;37
3-109-28183-6;1191;37
7-107-89304-4;1112;37
1-109-14656-3;952;37
1-101-68811-7;152;37
5-108-36821-4;201;37
9-108-88150-2;586;37
4-104-89904-7;579;37
7-108-28950-8;918;37
4-103-70508-3;1075;37
4-101-11437-3;982;37
5-101-93425-5;80;37
3-109-93959-9;378;37
8-107-89065-5;489;37
7-105-80523-5;847;38
9-101-79582-1;595;38
8-107-34817-5;446;38
8-109-71536-9;821;38
1-109-32806-4;1233;38
2-103-35724-9;120;38
5-101-66093-9;1319;38
6-106-37409-4;155;38
4-105-47691-1;106;38
1-102-88721-8;173;38
5-108-65370-6;764;38
2-106-91728-8;1275;38
7-102-76576-5;492;38
2-104-33475-5;1300;38
2-108-19101-1;1001;38
9-103-53831-1;224;38
9-101-52853-5;1252;38
6-101-41740-3;493;38
6-101-64856-2;1120;38
1-106-19577-6;1183;38
9-108-34020-8;342;38
3-102-94359-2;1137;38
3-101-80976-8;598;38
3-105-75359-9;411;38
5-108-61858-4;564;38
5-109-92627-4;6;38
9-109-88646-7;584;38
5-105-74895-7;332;38
8-106-25677-7;1212;38
2-105-34885-4;321;38
1-104-51435-1;462;38
7-106-62179-9;758;38
5-106-24750-6;322;38
5-107-53559-6;586;38
7-105-83738-1;330;38
7-104-86194-7;1445;38
7-106-12899-9;1381;38
5-109-54250-1;990;38
8-102-65265-3;670;38
9-107-17568-3;1280;38
2-109-68979-6;81;38
7-104-83861-9;455;38
4-109-53624-1;868;38
1-109-98338-3;358;38
9-104-44466-5;1270;38
9-105-68207-3;699;38
7-104-86194-7;1376;38
9-104-14129-9;1218;38
4-105-25401-3;88;38
3-101-96673-5;534;38
4-101-11437-3;429;38
8-102-94353-2;632;38
1-107-12694-8;636;38
6-104-23874-6;1221;38
9-103-70580-2;986;38
5-108-12526-2;1240;38
4-107-16778-7;903;38
9-106-79108-7;1499;38
2-109-98725-2;639;38
9-101-80023-8;484;38
1-104-59231-8;1389;38
8-104-45938-4;1254;38
3-104-32695-6;485;38
1-104-61411-7;1339;38
6-106-20511-3;974;38
9-101-80023-8;685;38
3-101-71627-6;192;38
9-101-79582-1;134;38
3-102-92102-7;380;38
2-104-38492-9;1454;38
4-102-81838-2;165;38
6-103-26588-1;793;38
3-105-22664-5;168;38
3-106-91252-7;397;38
5-101-17558-5;1056;39
3-107-51797-2;1138;39
8-106-53656-9;603;39
1-105-66867-2;722;39
3-104-46121-8;627;39
3-105-69611-6;661;39
2-108-49727-9;1160;39
1-108-34896-5;495;39
2-106-40751-7;1076;39
9-109-39025-1;546;39
1-104-81802-9;248;39
2-108-46218-2;271;39
5-107-42709-2;312;39
9-102-27234-8;352;39
1-103-29987-5;135;39
7-106-70565-4;651;39
3-102-37303-1;325;39
3-109-13975-8;1185;39
5-103-90549-5;940;39
5-108-12526-2;853;39
5-103-54598-5;801;39
5-104-80823-3;496;39
7-109-30722-8;47;39
9-108-67151-1;153;39
6-102-62939-2;385;39
3-101-80976-8;1063;39
8-105-29962-6;798;39
3-102-99397-2;978;39
9-103-54180-2;1025;39
8-106-82915-2;1169;39
6-104-99193-8;1193;39
7-102-50859-8;549;39
4-107-19965-8;11;39
9-102-91594-7;944;39
2-109-75377-6;1014;39
5-102-51144-3;395;39
5-105-90277-7;844;39
6-103-66560-8;1182;39
8-106-82915-2;1337;39
3-102-70609-5;244;39
3-105-22665-1;70;39
4-106-85580-8;518;39
4-106-92912-8;1423;39
1-106-19577-6;254;39
9-104-61698-8;49;39
2-104-92558-8;1080;39
3-103-72792-3;1068;39
5-109-54250-1;1252;39
4-103-48586-3;1319;39
1-107-50223-7;523;39
6-108-82500-6;1146;39
3-101-44552-3;473;39
7-101-37772-1;1303;39
2-103-91116-2;727;39
1-107-31069-5;470;39
2-108-49727-9;476;39
4-108-96229-2;104;39
4-102-54827-8;646;39
8-102-46886-7;938;39
2-105-10407-4;1383;39
9-101-41505-9;288;39
1-108-41500-7;108;39
2-109-24930-8;65;39
5-108-89999-6;79;39
5-109-92627-4;734;39
9-108-64989-9;639;39
6-103-75038-7;1472;39
2-103-84790-9;625;39
4-107-95641-6;1373;39
6-105-67516-4;130;39
1-104-61411-7;374;39
7-101-13884-7;1209;39
8-104-68902-4;779;39
7-102-40624-4;477;39
3-103-19367-6;74;39
3-105-26335-1;363;39
6-102-40972-6;523;39
6-105-52440-1;374;39
8-108-77787-8;298;39
3-104-46121-8;196;40
1-103-27217-3;128;40
3-101-69701-2;773;40
6-107-21043-2;658;40
7-102-54850-2;167;40
2-105-93777-4;68;40
6-105-97923-1;519;40
3-106-98588-9;208;40
9-108-52774-1;772;40
3-109-93959-9;536;40
6-108-82500-6;358;40
9-107-97476-9;254;40
2-102-94214-8;842;40
9-106-64286-8;1239;40
6-106-88941-9;301;40
1-109-77140-2;403;40
4-105-16746-6;550;40
4-105-13027-9;315;40
4-102-31144-3;1278;40
5-107-80715-3;448;40
2-109-61649-7;228;40
5-105-11037-1;862;40
9-103-97363-1;342;40
9-102-44545-3;1481;40
2-104-38492-9;829;40
6-105-88242-3;102;40
2-104-33475-5;649;40
2-103-19610-9;1457;40
1-102-22925-7;358;40
8-105-18011-3;628;40
6-103-10917-8;704;40
2-107-16822-5;396;40
6-106-60672-7;1327;40
5-105-36753-7;989;40
5-106-53967-9;1034;40
3-105-22737-7;1225;40
1-101-87198-2;458;40
6-102-55802-4;439;40
2-104-87309-5;334;40
5-103-46143-7;615;40
6-102-93158-2;622;40
8-109-68261-1;87;40
1-106-59267-3;559;40
1-106-68778-6;886;40
7-105-28853-9;1182;40
8-101-28258-9;215;40
5-105-40187-9;1168;40
7-103-14537-7;634;40
1-104-81802-9;1064;40
1-106-59267-3;929;40
5-107-45873-9;272;40
9-106-79108-7;594;40
2-106-23456-1;453;40
2-108-40031-3;569;40
4-105-71817-3;19;40
4-103-33231-6;363;40
4-109-18517-4;300;40
7-109-57854-2;195;40
6-105-99860-5;829;40
5-109-67021-9;451;40
2-101-46868-8;443;40
8-109-79971-1;326;40
1-106-55045-4;61;40
7-101-55737-7;1245;40
9-103-53831-1;754;40
5-105-11037-1;401;40
2-109-40916-8;976;41
1-104-28435-1;350;41
1-108-12684-1;1010;41
5-107-42709-2;832;41
7-106-70565-4;739;41
6-109-55849-7;1051;41
8-103-91823-4;1334;41
6-106-46970-1;61;41
4-109-98819-2;602;41
6-103-84101-2;954;41
9-102-77922-2;215;41
8-102-89904-8;1321;41
3-101-71627-6;543;41
1-101-44560-3;34;41
4-101-68976-9;368;41
4-108-63442-2;199;41
6-105-88242-3;657;41
6-109-55849-7;153;41
1-109-65197-8;237;41
1-105-46518-4;1431;41
9-107-12460-3;81;41
9-108-88150-2;718;41
5-109-94848-3;964;41
8-106-92908-2;1028;41
6-104-96201-6;583;41
3-108-30251-5;1281;41
9-101-75878-8;865;41
8-108-25413-1;841;41
7-101-19400-2;473;41
7-101-41590-3;354;41
4-103-69189-7;693;41
3-104-50228-2;1360;41
6-103-48800-4;664;41
4-102-80541-6;700;41
7-101-57489-9;830;41
7-102-40624-4;651;41
2-105-29024-3;147;41
5-108-92872-9;917;41
5-107-98056-7;188;41
5-105-62026-2;595;41
3-108-85056-2;156;41
5-101-34165-8;719;41
6-103-75038-7;1163;41
3-105-14652-2;10;41
7-102-94760-7;253;41
6-103-55890-1;792;41
5-104-46371-3;1292;41
8-109-27283-8;1254;41
7-108-28950-8;1338;41
7-105-23681-1;1382;41
7-101-13884-7;125;41
3-103-51833-9;822;41
7-107-45090-6;191;41
9-107-17568-3;1264;41
2-105-49642-9;838;41
6-102-62939-2;1252;41
7-102-50859-8;1179;41
5-103-46143-7;257;41
5-101-32125-8;1059;41
4-102-37489-3;483;41
9-108-34020-8;180;41
5-106-76206-6;788;41
5-105-95750-8;1051;41
2-101-13079-9;866;41
1-107-19463-5;1411;41
6-103-49642-6;589;41
5-107-80715-3;225;41
1-103-25917-8;347;41
4-103-70508-3;2;41
4-106-26207-1;66;41
5-105-59700-1;197;41
7-101-37772-1;536;41
7-102-93398-9;599;41
8-104-70716-1;56;41
8-109-17830-7;250;42
3-105-83520-1;1015;42
3-108-24026-2;951;42
7-105-15537-4;768;42
1-105-20978-1;886;42
2-107-52994-4;588;42
5-106-68217-4;1251;42
4-109-92043-9;1027;42
7-108-80456-9;905;42
5-103-10602-6;1328;42
2-104-94628-1;470;42
4-102-60068-5;535;42
5-105-16645-3;245;42
8-101-57394-4;344;42
8-101-32064-1;427;42
4-105-13027-9;368;42
5-108-22793-6;1288;42
8-107-34817-5;867;42
3-103-63622-5;1423;42
1-105-46518-4;873;42
2-108-23688-8;1264;42
1-109-70636-8;101;42
7-103-97264-3;1434;42
7-101-67704-1;1083;42
6-102-84514-1;922;42
6-101-64856-2;295;42
1-103-25917-8;983;42
3-102-27804-4;217;42
2-105-76980-3;1031;42
1-101-97447-1;118;42
1-103-25917-8;302;42
3-102-66904-8;318;42
7-102-78352-3;608;42
7-106-28393-7;608;42
8-103-54936-4;158;42
7-105-28853-9;388;42
3-103-19613-5;1250;42
3-102-93920-3;1443;42
4-109-25193-6;135;42
5-108-22793-6;448;42
7-103-58422-2;545;42
1-107-57471-9;1303;42
9-109-42617-9;1093;42
9-106-58690-4;377;42
8-107-17974-4;1169;42
1-103-13825-7;524;42
1-103-70819-4;221;42
5-108-67789-7;43;42
6-105-78280-3;1303;42
4-104-23823-1;518;42
3-102-70609-5;507;42
9-109-53558-8;1473;42
8-104-74410-4;839;42
6-105-66726-4;970;42
4-105-11209-5;920;42
6-109-92236-9;1213;42
5-107-67630-7;160;42
6-106-71706-1;972;42
8-107-17974-4;1049;42
5-107-36926-4;960;42
8-105-63917-1;334;42
2-102-12573-6;1314;42
8-104-70716-1;440;42
5-108-55445-8;961;42
1-108-76451-6;823;42
8-107-31676-7;374;43
1-102-47588-7;563;43
2-109-72794-9;700;43
9-101-41505-9;492;43
2-104-33475-5;1246;43
4-103-98733-7;303;43
1-107-55557-9;946;43
8-109-81365-6;1271;43
5-107-53559-6;1458;43
5-109-54250-1;64;43
6-103-75038-7;44;43
8-101-65746-2;140;43
8-109-42887-7;147;43
9-105-40619-1;413;43
9-108-92573-7;420;43
4-104-72440-1;956;43
3-102-50484-8;534;43
3-109-13975-8;979;43
6-104-32824-8;376;43
9-107-19875-6;846;43
1-102-25400-2;219;43
5-107-11281-3;721;43
4-108-56835-1;182;43
9-101-75878-8;256;43
1-102-25400-2;281;43
5-108-19217-9;124;43
5-101-44442-9;1395;43
9-106-75560-9;50;43
7-102-93398-9;220;43
4-104-20247-8;901;43
8-104-45938-4;1020;43
3-101-96673-5;981;43
5-105-98018-3;231;43
7-101-45108-7;152;43
2-103-84790-9;350;43
5-101-87086-8;417;43
8-108-68837-8;90;43
9-106-39720-3;163;43
2-104-92558-8;389;43
9-101-82731-2;163;43
4-109-18517-4;474;43
6-106-88941-9;146;43
4-109-98819-2;69;43
5-103-94449-4;455;43
9-106-77656-9;115;43
9-106-38210-6;743;43
4-107-12841-6;147;43
8-104-68902-4;389;43
8-109-68261-1;1468;43
2-103-26138-8;668;43
8-101-28866-9;1376;43
9-109-40013-3;360;43
9-108-67151-1;1326;43
6-102-62939-2;978;43
5-108-36821-4;1343;43
4-107-19965-8;1014;43
9-101-10345-1;1283;43
4-106-12178-9;628;43
8-101-65746-2;336;43
4-104-39274-3;1190;43
6-109-24169-9;532;43
4-101-58526-4;586;43
5-109-40563-1;16;43
7-101-55737-7;260;43
7-105-89847-6;496;43
8-106-75394-3;1049;43
6-106-70279-1;304;43
9-103-64248-8;1458;43
3-104-57631-6;282;43
4-107-88358-3;636;43
9-106-39713-7;989;43
1-105-57686-9;187;43
1-108-72157-7;712;43
3-109-28183-6;310;44
3-103-51833-9;687;44
1-106-32913-1;817;44
9-108-67779-1;1142;44
4-107-19074-3;301;44
8-108-65597-3;408;44
7-107-69245-7;1411;44
1-107-99146-7;807;44
1-103-35101-7;661;44
2-104-33475-5;591;44
2-109-75377-6;472;44
7-102-21532-8;640;44
9-105-54756-5;303;44
2-101-61230-4;898;44
9-103-64248-8;706;44
6-109-55849-7;362;44
4-102-83344-8;1384;44
4-104-32701-6;1349;44
6-109-11650-1;752;44
1-109-14656-3;347;44
3-103-72792-3;476;44
6-109-58280-4;170;44
2-105-52102-7;678;44
5-108-61858-4;998;44
1-108-47786-9;1232;44
7-106-70565-4;590;44
8-104-68902-4;1488;44
7-102-76576-5;378;44
9-106-39713-7;175;44
7-102-98724-2;1327;44
8-107-34817-5;987;44
9-101-56603-7;662;44
3-101-86272-9;118;44
7-102-78352-3;130;44
6-107-85091-5;198;44
3-102-85109-4;1066;44
9-103-64248-8;1362;44
8-105-86834-1;1391;44
4-104-20247-8;504;44
4-106-56474-5;1121;44
3-102-17476-3;253;44
3-101-80976-8;1017;44
8-102-23132-1;1135;44
6-106-78920-7;373;44
2-108-19101-1;734;44
7-101-55737-7;268;44
7-102-48020-9;685;44
5-107-67630-7;919;44
7-103-63784-4;1458;44
1-105-53772-3;368;44
3-108-30251-5;394;44
5-107-36926-4;642;44
1-109-65197-8;457;44
8-105-66133-1;827;44
8-109-27283-8;289;44
9-101-20811-6;1302;44
9-108-64989-9;408;44
9-103-66739-5;1005;44
8-107-17974-4;1293;44
9-108-88150-2;1221;44
8-105-18011-3;784;44
4-104-75639-8;930;44
1-106-95668-1;400;44
4-102-51131-4;1092;44
4-101-93624-6;280;44
9-109-88646-7;247;44
7-105-23972-3;1243;44
4-109-27267-3;330;44
8-108-77359-9;1487;44
5-101-32125-8;772;44
1-108-41500-7;353;44
3-107-75532-5;1224;44
1-109-58183-5;191;44
8-103-92285-8;598;44
2-104-78584-3;1314;44
5-103-90549-5;497;44
9-104-20455-6;1008;44
2-101-40414-5;379;44
5-107-79714-4;1393;44
7-106-12127-9;1449;44
5-101-17697-8;230;44
9-109-77771-1;543;45
3-104-57631-6;837;45
3-102-92102-7;1196;45
7-106-22840-7;1442;45
7-102-76576-5;1478;45
9-101-56603-7;1466;45
3-103-21514-8;426;45
6-103-55890-1;591;45
7-107-89304-4;596;45
5-105-39217-1;507;45
9-108-94655-7;1074;45
8-104-70716-1;1160;45
1-106-40823-7;149;45
3-109-92613-5;569;45
2-103-65730-9;978;45
3-103-19613-5;1090;45
2-101-61450-1;662;45
7-105-23972-3;502;45
4-101-68976-9;923;45
4-103-98733-7;188;45
7-101-13884-7;77;45
8-103-62656-6;514;45
6-106-67685-4;1084;45
6-103-49642-6;788;45
1-104-23061-2;1357;45
2-102-38483-3;759;45
2-109-41712-7;142;45
4-105-28386-2;790;45
6-101-38499-3;1256;45
4-108-96179-7;231;45
3-101-95653-7;830;45
1-108-88164-9;467;45
4-102-88620-9;61;45
9-102-14309-9;94;45
9-107-91749-3;497;45
3-106-95716-4;681;45
9-109-90696-1;1023;45
4-101-58358-8;976;45
9-105-48547-5;372;45
6-106-78920-7;429;45
7-103-95909-2;1444;45
2-107-86096-2;1260;45
1-103-63614-9;753;45
5-103-18732-9;660;45
5-106-27055-2;291;45
8-108-65597-3;506;45
9-102-44545-3;85;45
9-108-64989-9;99;45
9-109-11124-9;329;45
4-103-98733-7;695;45
6-105-66726-4;232;45
6-106-15202-9;738;45
8-109-72793-6;408;45
4-105-11209-5;1376;45
9-105-54756-5;1184;45
5-107-67597-7;920;45
1-108-58389-5;1444;45
1-108-83878-8;347;45
1-109-36850-6;1285;45
2-104-79053-5;483;45
3-105-22737-7;59;45
9-107-17568-3;477;45
6-106-37704-7;99;45
1-105-23221-2;66;45
1-109-77140-2;521;45
5-103-55170-5;588;45
1-102-57479-4;138;45
6-105-78280-3;1329;45
4-109-18517-4;630;45
6-101-38499-3;712;45
9-102-27234-8;985;45
5-103-68312-8;529;45
6-102-29432-9;1329;45
7-106-37046-3;1054;45
1-101-12692-2;227;45
4-102-60068-5;1117;45
7-109-70825-9;1030;45
2-109-68979-6;1311;45
9-106-19703-3;513;45
8-109-72793-6;652;45
3-106-56476-1;646;45
5-101-66093-9;402;45
6-106-20511-3;502;45
9-106-39368-7;500;45
9-106-79108-7;631;45
4-106-28112-4;465;46
4-101-43910-4;1084;46
2-105-34885-4;783;46
1-109-58896-4;1258;46
8-101-53834-6;1219;46
4-107-34312-3;103;46
8-107-34817-5;1143;46
8-108-65597-3;562;46
4-101-88052-5;457;46
4-107-19892-5;180;46
1-109-28859-8;1450;46
1-109-98799-4;751;46
5-101-34165-8;813;46
4-102-44477-1;162;46
6-104-78391-1;1038;46
1-103-70819-4;999;46
2-101-80421-5;755;46
9-102-91594-7;1002;46
3-106-72390-4;564;46
4-105-16746-6;366;46
9-106-75560-9;350;46
2-101-26007-9;827;46
2-108-40031-3;963;46
3-103-38910-1;947;46
5-108-65370-6;575;46
5-107-82808-5;977;46
1-107-19463-5;899;46
2-101-40414-5;646;46
1-103-68196-8;90;46
1-109-64847-3;481;46
5-108-55445-8;169;46
7-109-26095-6;143;46
8-109-33167-9;619;46
8-101-32064-1;476;46
8-108-49842-1;47;46
7-102-40624-4;1435;46
7-102-74922-7;1408;46
7-109-30722-8;925;46
6-109-66294-4;1389;46
5-109-76922-2;1008;46
1-107-19463-5;101;46
4-105-47691-1;117;46
3-102-57784-9;102;46
8-109-71536-9;567;46
9-107-19875-6;74;46
5-109-92627-4;177;46
8-109-72793-6;169;46
9-105-31261-2;941;46
2-109-56711-2;796;46
4-103-24679-3;208;46
6-101-64856-2;603;46
7-102-37541-1;426;46
1-108-58389-5;1130;46
3-102-37074-2;348;46
8-103-88962-7;1196;46
9-102-50514-9;364;46
4-106-26207-1;1414;46
3-101-71627-6;533;46
1-108-47786-9;357;46
4-103-69189-7;766;46
7-105-23972-3;544;46
7-102-28079-4;1312;46
7-108-60979-2;1148;46
5-102-54147-4;776;46
6-107-91980-1;84;46
6-108-32781-5;461;46
9-101-87528-5;61;46
5-103-18732-9;523;47
2-109-51721-2;620;47
2-108-35383-4;1162;47
7-105-23972-3;287;47
7-103-93683-3;533;47
5-107-99828-1;933;47
4-108-63442-2;269;47
1-102-47588-7;1242;47
5-105-11037-1;1176;47
7-108-19817-5;390;47
5-104-31998-2;326;47
5-105-98039-2;371;47
6-107-90994-4;534;47
7-103-52370-2;277;47
7-105-23681-1;443;47
9-103-64248-8;575;47
9-102-14309-9;500;47
1-106-40823-7;294;47
2-107-40361-5;1297;47
1-104-59231-8;859;47
2-109-24930-8;982;47
5-107-52521-8;1402;47
8-109-27522-8;52;47
3-105-83520-1;613;47
1-109-64847-3;524;47
8-102-82053-7;341;47
8-107-89306-5;78;47
9-109-39025-1;97;47
5-108-89999-6;310;47
5-105-16645-3;706;47
4-108-77216-9;1213;47
1-105-57686-9;727;47
6-102-37701-4;936;47
8-103-36079-1;243;47
8-109-42887-7;222;47
6-106-70279-1;352;47
4-101-68976-9;1226;47
3-102-67311-2;1245;47
8-104-99423-1;815;47
6-103-75038-7;1455;47
2-103-53205-6;559;47
7-101-57489-9;55;47
9-109-57770-9;261;47
4-101-58358-8;246;47
7-103-58422-2;274;47
5-101-44442-9;325;47
3-101-65224-8;1461;47
1-106-23489-6;1093;47
1-108-72157-7;511;47
9-107-76748-9;264;47
8-109-72793-6;158;47
9-109-10795-3;958;47
1-101-68811-7;696;47
4-104-19872-6;1479;47
6-105-85838-2;403;47
5-103-10602-6;435;47
8-102-82053-7;817;47
8-106-82915-2;1301;47
1-102-45685-3;160;47
2-101-75261-4;1148;47
1-105-91149-3;1289;47
6-101-26508-2;467;47
8-105-18011-3;736;47
1-103-96182-5;143;47
3-107-92425-2;153;47
8-104-61106-7;314;47
8-108-44221-3;445;47
2-101-61230-4;588;47
6-101-78059-6;553;47
3-109-71832-3;1342;47
2-109-65207-5;931;47
5-103-50388-2;87;47
6-107-43258-6;1399;47
4-106-87678-7;488;47
9-104-66518-9;592;47
7-108-66527-5;1155;47
2-109-72794-9;250;47
2-106-40751-7;250;47
3-102-70203-5;126;47
6-104-99193-8;120;47
3-108-30251-5;979;47
5-105-90277-7;596;47
6-103-64878-7;438;47
6-106-20062-5;1063;47
2-106-78318-2;635;47
8-106-64632-4;1443;47
5-103-90549-5;746;47
9-105-40619-1;844;47
7-102-13439-4;1384;47
7-109-70825-9;1386;47
1-108-25504-5;1493;47
1-109-58183-5;1360;47
4-109-78072-9;163;47
5-102-19592-3;54;47
7-105-82114-5;385;47
9-106-45707-8;370;47
7-106-12899-9;393;48
5-102-19592-3;206;48
7-104-33785-5;630;48
2-103-68873-6;969;48
2-107-52994-4;294;48
3-104-20650-1;871;48
5-106-60134-6;71;48
1-108-16129-7;644;48
3-104-50059-8;214;48
4-104-41260-9;626;48
4-102-76823-6;492;48
6-109-92236-9;1296;48
8-101-76395-2;677;48
7-105-89847-6;801;48
8-108-35076-7;287;48
4-106-61930-2;1306;48
5-101-78199-6;341;48
4-102-76823-6;862;48
8-109-81365-6;649;48
5-102-54147-4;1095;48
4-104-41260-9;656;48
4-108-96229-2;386;48
7-101-35294-3;634;48
7-108-60979-2;27;48
5-108-12526-2;908;48
3-103-35930-8;256;48
9-104-59162-4;846;48
4-107-42106-7;1252;48
5-108-65621-3;1218;48
2-104-79053-5;971;48
5-106-68217-4;742;48
4-103-41796-1;538;48
5-103-83997-9;366;48
5-105-95750-8;340;48
8-106-64632-4;477;48
9-108-35993-2;311;48
9-109-46053-9;103;48
6-109-39092-6;409;48
1-103-96182-5;502;48
4-101-39236-8;996;48
5-107-52521-8;552;48
5-106-57237-3;247;48
6-109-66294-4;939;48
9-109-57073-5;1066;48
5-104-41294-6;186;48
2-108-46218-2;169;48
4-105-56776-3;1031;48
4-104-32701-6;625;48
9-106-38210-6;469;48
3-102-37303-1;568;48
3-105-14652-2;1386;48
7-105-83738-1;52;48
5-109-82719-7;1407;48
4-101-68976-9;967;48
3-107-21422-4;963;48
3-102-94359-2;618;48
6-102-36879-4;911;48
9-108-35993-2;719;48
4-102-83344-8;1453;48
7-109-24859-2;473;48
8-102-28846-1;129;48
8-108-25413-1;555;48
9-104-20455-6;426;48
3-106-91252-7;761;48
6-106-18742-1;870;48
4-104-83692-1;143;48
4-107-80424-2;1429;48
3-101-80976-8;544;48
6-106-11183-2;308;48
1-108-76451-6;773;49
3-102-31761-2;1432;49
1-106-41616-4;564;49
7-101-30288-4;1471;49
3-102-27804-4;1266;49
7-102-78352-3;1357;49
4-108-50602-5;131;49
1-106-11022-8;300;49
2-105-96478-5;541;49
4-107-80424-2;233;49
5-105-59643-2;77;49
5-108-30055-9;207;49
6-102-55802-4;376;49
8-109-97427-5;312;49
7-107-48861-3;82;49
8-108-63411-6;573;49
8-102-38362-9;1245;49
6-103-10917-8;311;49
7-109-77387-7;468;49
8-107-82012-8;457;49
5-109-92627-4;1208;49
8-103-30682-7;1295;49
9-108-94655-7;296;49
9-109-39025-1;650;49
7-104-86194-7;539;49
8-101-31188-9;306;49
2-104-92210-9;1454;49
6-106-72516-5;72;49
1-106-55045-4;22;49
1-107-18594-5;471;49
2-101-91208-9;594;49
3-102-37303-1;420;49
4-102-31144-3;611;49
6-101-38499-3;267;49
6-104-97688-6;194;49
9-106-26518-7;822;49
9-104-80162-9;431;49
3-106-56476-1;1016;49
3-106-93800-3;441;49
4-103-24679-3;87;49
3-104-57631-6;941;49
7-102-98724-2;659;49
3-104-13577-9;1191;49
5-102-85850-8;590;49
9-108-35993-2;299;49
7-106-50294-5;361;49
5-105-90277-7;1085;49
1-102-19834-7;942;49
4-105-44447-8;599;49
4-105-75914-8;138;49
4-109-15997-1;436;49
8-104-61106-7;638;49
6-108-96734-6;614;49
3-104-50228-2;547;49
7-108-98246-7;931;49
3-105-22737-7;1140;49
6-101-52048-3;1200;49
2-109-64682-3;859;49
5-104-89383-2;173;49
2-103-84790-9;1247;49
3-107-75532-5;1251;49
2-104-46936-5;641;49
5-107-98056-7;183;49
7-106-89315-2;201;49
3-105-22737-7;1196;49
3-103-35930-8;619;49
6-101-38499-3;551;49
8-102-94353-2;861;49
3-102-50484-8;69;49
9-104-61698-8;368;49
8-103-88717-8;979;49
6-104-99193-8;1141;49
9-104-80162-9;649;49
2-103-35724-9;644;49
4-102-36166-6;418;49
7-101-13884-7;1470;49
6-101-90526-1;1491;49
6-106-70279-1;1463;49
4-107-95641-6;51;49
8-107-34817-5;1442;49
8-102-89678-8;208;49
1-108-88164-9;184;49
1-108-95694-2;508;49
4-104-58049-3;117;49
6-109-63678-9;8;49
9-103-58210-3;1418;50
7-108-18506-3;438;50
6-105-66726-4;359;50
3-106-70167-7;1366;50
8-107-17974-4;993;50
2-107-12020-8;36;50
4-104-39274-3;206;50
5-104-62912-7;621;50
6-106-40938-5;370;50
8-108-63411-6;447;50
2-106-23456-1;1217;50
9-104-70628-8;655;50
5-108-19217-9;1464;50
8-105-19674-8;1471;50
2-104-63649-4;734;50
2-107-19621-8;1048;50
9-106-18344-9;693;50
9-108-88150-2;971;50
5-106-49720-8;119;50
7-101-45108-7;25;50
9-105-75927-5;36;50
7-107-35031-1;544;50
7-107-89304-4;1493;50
7-104-14937-1;918;50
2-104-92357-6;458;50
5-108-92872-9;692;50
5-107-52521-8;731;50
4-107-42106-7;379;50
9-108-67779-1;1420;50
6-107-11620-7;1208;50
7-108-20703-7;791;50
2-104-38492-9;435;50
6-105-27962-4;220;50
9-103-54180-2;530;50
5-107-80715-3;242;50
2-103-64375-2;170;50
4-106-56018-1;229;50
5-107-99828-1;1349;50
1-105-94426-5;1123;50
7-101-57489-9;368;50
5-108-91695-5;127;50
9-106-75560-9;753;50
1-106-59267-3;905;50
1-102-90290-2;17;50
1-107-50223-7;60;50
4-109-48767-2;278;50
8-107-69004-3;473;50
7-104-83861-9;829;50
5-103-54598-5;1173;50
4-103-64023-9;1448;50
3-104-48132-4;728;50
1-105-94426-5;1160;50
5-108-22793-6;1475;50
1-108-39276-7;1438;50
2-105-96478-5;1042;50
3-104-48132-4;579;50
2-106-78318-2;1375;50
2-107-19621-8;609;50
8-106-82915-2;857;50
5-107-16074-6;828;50
7-106-18158-4;664;50
4-105-75914-8;1028;50
6-102-36879-4;1134;50
8-102-40647-8;145;50
1-104-85490-8;288;50
9-102-50514-9;1356;50
4-101-51631-7;1382;50
9-107-12460-3;782;50
4-106-92912-8;559;50
1-103-71217-3;717;50
9-107-17568-3;224;50
7-102-13439-4;1435;50
1-106-89290-9;527;50
2-105-23690-7;1319;50
5-105-35408-6;219;50
4-102-36166-6;1042;50
1-101-68811-7;514;50
4-102-76823-6;354;50
5-105-40187-9;172;50
9-101-35398-9;237;51
5-107-79714-4;341;51
5-105-21118-4;416;51
7-105-28853-9;51;51
5-108-96823-9;848;51
6-106-46970-1;556;51
7-108-65733-7;1390;51
6-105-78280-3;626;51
1-108-72157-7;1175;51
7-102-28079-4;168;51
3-108-36721-2;903;51
6-101-78059-6;453;51
3-104-86021-5;1468;51
8-104-10124-3;549;51
8-109-79971-1;362;51
3-101-69701-2;1244;51
3-103-72792-3;1137;51
2-107-34858-3;1329;51
6-101-26508-2;1093;51
6-102-22848-9;1020;51
6-106-71706-1;969;51
8-101-28866-9;314;51
8-104-74410-4;134;51
7-104-83861-9;428;51
5-106-76206-6;709;51
8-104-68902-4;1404;51
8-102-61761-6;698;51
9-103-29128-3;494;51
1-105-39382-3;607;51
9-109-57847-8;510;51
3-101-95653-7;696;51
5-105-21118-4;1211;51
3-104-57631-6;170;51
7-104-43367-9;909;51
9-106-80438-8;1203;51
2-104-87309-5;1011;51
2-106-22162-4;268;51
1-109-32806-4;409;51
4-106-81448-8;552;51
3-103-72792-3;801;51
8-104-23179-5;1197;51
3-102-37303-1;1444;51
5-104-90843-8;248;51
5-109-82719-7;1093;51
2-101-26007-9;262;51
1-102-25400-2;1335;51
3-102-70609-5;219;51
3-105-39169-6;535;51
8-102-89678-8;551;51
9-101-82731-2;163;51
8-101-65746-2;405;51
9-108-52774-1;538;51
8-109-33167-9;359;51
3-102-70203-5;1245;51
7-108-98246-7;1063;51
6-105-97923-1;58;51
7-103-97408-1;365;51
1-102-35696-4;1350;51
2-103-13112-7;125;51
3-103-73672-9;64;51
2-105-64218-8;658;51
7-102-48020-9;601;51
2-109-72794-9;1353;51
5-107-45873-9;1260;51
6-107-11620-7;790;51
2-106-40073-2;386;51
2-103-19610-9;323;51
4-108-96179-7;317;51
2-105-23690-7;584;51
2-106-86527-4;298;51
3-106-58473-5;995;52
1-102-47588-7;933;52
1-106-32913-1;377;52
6-107-65205-2;377;52
4-106-45900-2;903;52
2-104-46936-5;990;52
5-102-10164-7;995;52
9-108-64989-9;170;52
4-103-78477-6;1384;52
2-104-87309-5;965;52
1-106-41616-4;18;52
5-108-12526-2;226;52
9-107-24515-9;354;52
4-109-82666-1;580;52
4-107-16778-7;1176;52
2-101-18229-2;536;52
7-101-69434-5;1178;52
5-101-17697-8;828;52
5-105-98039-2;834;52
5-107-32823-5;1323;52
8-108-87189-1;399;52
8-107-89065-5;369;52
5-101-53704-5;458;52
1-107-55557-9;1372;52
4-102-83344-8;442;52
5-106-53967-9;803;52
9-105-75927-5;435;52
4-103-69438-2;340;52
5-105-36753-7;296;52
6-104-61092-1;311;52
3-103-51833-9;1386;52
9-108-67151-1;970;52
6-103-58601-5;1012;52
2-107-57254-5;549;52
7-101-15958-7;373;52
9-108-67779-1;335;52
8-104-10124-3;1102;52
1-104-69220-5;1475;52
8-107-34817-5;403;52
5-103-46143-7;563;52
8-102-46886-7;908;52
4-107-88185-1;1117;52
1-104-51435-1;654;52
5-109-32137-3;207;52
5-102-10164-7;799;52
4-106-44211-1;789;52
5-106-53967-9;495;52
9-103-29128-3;654;52
1-109-19058-2;392;52
4-102-60068-5;252;52
7-102-50859-8;167;52
1-106-68778-6;237;52
4-107-12080-3;228;52
4-107-88185-1;181;52
6-107-11620-7;489;52
9-109-39025-1;654;52
1-109-77140-2;1301;52
4-102-88620-9;1310;52
5-104-80823-3;814;52
8-107-15419-6;1259;52
1-103-57205-7;583;52
3-101-71627-6;1071;52
1-106-16202-5;197;52
2-105-52102-7;509;52
1-106-89290-9;347;52
7-106-37046-3;638;52
8-103-91823-4;512;52
6-107-91980-1;581;52
7-108-19817-5;1409;52
1-105-66867-2;826;52
7-101-41590-3;1471;52
8-109-97011-5;914;52
2-102-20305-2;1064;52
6-104-23874-6;394;52
1-106-23489-6;275;52
5-109-76922-2;569;52
6-102-71130-2;147;52
8-101-76395-2;463;52
1-103-71217-3;528;53
8-109-32361-6;833;53
1-103-25917-8;660;53
5-103-10602-6;370;53
9-106-86307-7;1327;53
6-102-84514-1;1173;53
7-106-37046-3;846;53
5-108-65621-3;573;53
7-103-97264-3;338;53
1-104-45777-7;494;53
4-101-58526-4;249;53
9-101-80023-8;347;53
7-102-50859-8;813;53
2-109-64682-3;511;53
1-104-33291-7;1460;53
9-107-54072-8;94;53
7-108-19817-5;658;53
8-107-64338-8;41;53
